Word,Frequency
광고,7838
상품,6287
무료,5728
거부,5484
신청,5054
대출,5045
고객,4064
상환,3409
지원,3378
안내,3169
접수,3147
발신,3141
상담,3124
수신,2927
금리,2695
진행,2447
번호,2379
한도,2271
원,2217
시,2172
수,2060
기간,2014
자금,1984
일,1907
가능,1844
대상,1838
등,1750
확인,1741
이용,1727
방법,1697
분,1684
전화,1614
년,1613
세,1604
내용,1604
문자,1592
만원,1589
아래,1562
금융,1476
최대,1452
정부,1421
국민,1418
번,1371
니다,1357
안녕하세요,1335
신용,1284
이상,1278
보증,1245
자,1236
후,1231
경우,1199
개인,1191
요구,1136
기준,1134
발생,1128
중,1112
방식,1108
시간,1103
조건,1091
정보,1086
입,1082
연락,1068
수수료,1061
마감,1058
거절,1056
직장인,960
이,942
등급,936
행복,923
완료,918
사업자,911
만기,908
통합,891
기존,883
적용,879
승인,874
2020년,844
최고,832
월,814
종목,813
오늘,799
시작,794
내일,789
혜택,783
균등,760
원리금,753
추가,735
감사,728
주,727
사칭,725
.kr,687
신규,680
희망,670
연,654
경제,645
담보,625
하루,623
최저,617
수익,616
비용,611
금전,608
생계,607
별도,607
본,607
!!,606
장,600
.ly,599
사용,598
것,597
설정,594
일시,593
요,592
개월,591
자유,585
답장,583
서민,580
소득,576
한,573
점,573
투자,571
생활,571
전,570
긴급,570
최근,566
대,565
해주시,565
프리랜서,565
필요,564
신한,560
오전,558
대상자,558
주부,550
저금리,549
차등,545
오후,539
신용정보,538
주시,536
문의,534
은행,534
.com,531
지연,530
참여,528
채무,516
고민,515
명,511
건강,508
금,505
신용등급,504
간,503
대환,498
부담,496
상,490
등록,490
기타,485
전환,484
이내,482
마이너스,474
시기,463
개인정보,451
마음,450
안,447
부채,443
대화,439
동일,436
보유,434
집,431
연결,429
다음,429
지,428
관리,427
당사,424
해당,424
시간대,422
도움,420
하,420
문,419
금액,418
가족,415
운영,414
동의,411
자격,410
심사,410
기회,407
기,407
신청자,407
법인,407
차,404
매,403
서비스,402
1년,399
씨,399
피싱,399
보이스,398
정책,397
중도,397
클릭,395
거,395
제한,394
안전,391
당행,388
연체,388
발송,387
이번,385
농협,382
조회,380
코로나,377
최,376
유도,376
미,375
국민은행,374
의거,373
서류,369
미래,367
중인,365
할인,358
결제,358
매수,353
방,350
리,349
때,343
준비,341
법,340
관련,337
지금,335
.gl,333
당일,331
마지막,329
만,329
건,325
5년,325
달,324
부탁,322
활동,321
제외,319
주식,319
이자,318
연장,318
절대,318
계좌,317
진입,316
안정,314
신,311
저축,309
선택,306
회원,306
을,306
위,303
10년,301
생각,300
우,296
평일,294
항,291
회복,290
포함,289
설명,284
한국,283
원금,283
통장,282
상승,281
공인,279
기관,279
국내,277
인증,273
소상,271
정,269
결과,268
자사,268
통화,267
로,266
선생님,266
대비,265
예정,265
입장,262
거래,261
제약,261
선착순,260
회사,257
시행,252
공개,251
공휴일,249
지속,249
최장,248
체험,246
내,245
유선,243
특징,241
안심,240
유의,240
현재,240
분할,238
종료,238
드,238
대한민국,236
예상,236
최소,236
사전,236
지급,232
적,231
전송,231
어려움,230
지원금,230
기한,230
면제,229
사람,229
성공,228
개통,226
기업,225
예방,225
이벤트,224
센터,224
디,223
타사,222
바이오,222
상한가,220
최선,219
내국인,219
급여,218
설치,218
부결,217
수령,217
피탈,217
택배,217
일용직,215
제공,214
서,214
상향,214
혼자,214
까,212
비밀,212
사기,212
시장,211
본인,210
돈,210
배,209
예산,208
양해,202
앤,202
사랑,202
힘,202
여부,202
날씨,202
추천,202
상품권,202
아이,201
장소,200
임,198
방문,198
전달,198
처리,197
취급,196
김,196
영업,196
지인,196
출시,195
.la,195
매도,194
급,193
7월,193
말,192
보호,192
봄,192
인해,191
숙지,190
친구,188
요약,188
고정,187
보관,187
메신저,186
사항,185
변경,185
한정,185
발급,185
허위,185
빈,184
검찰,184
만기일,182
이체,182
말씀,180
평가,179
사업,179
주민등록증,179
사진,179
절차,177
가입,177
주세,176
경찰,176
아들,176
은,175
응원,175
실력,175
신용카드,175
사본,175
원격,175
19,174
특정,174
금감원,174
답,173
요령,173
카드사,173
예약,172
전문,172
속,172
수법,172
딸,172
명목,172
출처,172
앞뒤,171
조종,171
개,170
직,170
전용,169
부,169
지점,169
연구원,169
빚,169
불자,168
조심,168
문제,168
상담원,167
밴드,167
주택,167
상황,166
선정,166
금일,166
여유,165
티,165
모두,164
5월,163
이신,162
무직,161
토,161
회,160
민,159
충족,159
불가,157
증빙,156
현금,155
특례,155
자산,155
신용도,154
하시,154
판단,153
햇살,153
재난,153
휴대폰,153
여름,152
이율,151
연금,151
학생,150
그룹,150
여러분,149
암호화,148
포트폴리오,148
실행,146
기원,146
우리,146
제출,146
6월,145
8월,144
기본,144
주말,144
무관,143
의주,142
결정,142
정보통신,142
코,142
제도,142
피해,141
폰,141
OK저축은행,141
박,140
정혜성,140
노트,140
사회,139
혜지,139
얼마,138
지역,137
에,137
11월,137
특가,137
위원,136
멘트,136
이후,135
신한은행,135
.im,135
인터넷,135
공무원,135
축하,134
태,134
이제,133
당,133
도,133
9월,131
모집,131
거리,131
고문,131
계약,130
평점,130
!!!,129
건수,129
노력,128
보험,128
4월,127
링크,127
우리은행,126
직업,126
길,125
선물,125
임박,125
해,125
집중,124
여신,124
조기,123
강,123
대금리,123
손실,123
채경선,123
친절,122
오픈,122
프로,122
.co,122
협약,121
단타,121
호,120
장기,120
단기,120
바,119
공시,119
쿠폰,119
주의,119
재료,119
바로,119
홀,119
채,119
목,118
자세,118
프리,118
용,117
2시,117
연봉,116
하락,116
타이밍,116
제일,115
산업,115
용기,115
전액,115
연락처,114
.gd,114
평생,113
대응,113
카,112
직장,112
소식,112
수입,112
새해,111
휴,111
버,111
대리,111
랩,111
사,110
재직,110
이름,110
곳,109
안녕하십니까,109
날,109
답변,109
폭락,109
광,108
보,108
해약금,108
대표,108
기분,108
형,107
배정,107
한국씨티은행,107
낮,106
목표,106
제가,106
입금,106
외,105
마련,105
가지,105
코드,105
동민,105
네이버,104
변동,104
최초,104
자문료,104
발표,103
단위,103
엘,103
요즘,103
터,102
근무,102
입력,102
두산,102
플러스,101
진시,101
고금리,101
성원,100
아,100
이하,100
내부,100
증권,99
통,99
자체,99
체크,98
보답,98
이전,98
기금,98
소,97
관심,97
초대,97
청약,97
가계,97
보고,97
자영업자,96
카드,96
출발,96
비,96
대박,96
종합,96
분기,95
가,95
관계,95
최종,95
공유,95
의심,95
신분,95
KB,95
끝,94
송,94
중심,94
불량,94
클럽,94
참고,94
올림,94
사실,93
인,93
사업체,93
연소득,93
유,93
때문,93
내역,93
VIP,92
전자,92
자영업,92
목적,92
주거래,92
부자,92
급등,92
해주,92
폭등,92
조서,92
마스크,91
업무,91
뉴,91
메,91
전문가,90
해결,90
계획,90
정아,90
편성,89
요건,89
데,89
강호,89
버팀목,88
행사,88
진심,88
성장,88
위생,88
극복,88
달성,87
기반,87
합,87
게,87
회생,87
서민지,87
.gg,87
백,86
기록,86
인원,86
운용,86
매매,86
소득자,85
소개,85
비율,85
출,85
완화,85
부업,85
통신망,84
세금,84
걱정,84
처음,84
보세,84
약정,84
탑승,84
촉진,84
알,84
가난,84
IB,83
한시,83
필,83
일정,83
테이블,83
20,83
손해,83
증정,81
최대한,81
보장,81
팀장,81
상자,81
신경,81
덕,81
팀,81
실시,81
09,81
오월,81
김태희,81
정지원,81
군,80
드릴,80
유예,80
컴퍼니,80
등재,80
점수,80
3월,79
영향,78
타,78
케이,78
석,78
대기,78
업체,78
매일,78
추석,78
만큼,78
면,78
섭,78
박찬욱,78
농,77
피,76
OK!,76
개편,76
눈,76
무급,76
찬스,76
인생,76
전광훈,76
단,75
담당,75
확정,75
품,75
서울,75
월요일,74
어제,74
복,74
시적,74
세상,74
손,74
파산,74
건강관리,74
3분,74
.net,74
확진,74
스템,74
민생,73
맞춤,73
통신법,73
비대,73
소진,73
10월,73
목사,73
바른손,73
두기,72
한번,72
재단,72
서진,72
승리,72
입수,72
회비,72
박일,72
남,71
이점,71
자신,71
다시,71
미만,71
새,70
선,70
직접,70
실수,70
주력,70
토요일,70
후보,70
특별,70
전세,70
청,69
적극,69
모바일,69
으,69
대출금,69
대책,69
일반,69
삶,69
카드론,69
납입,69
요금,69
반,68
인사,68
파트너,68
수익률,68
하태권,68
계층,67
여의도,67
신분증,67
당신,67
만족,67
7년,67
지시,67
시스,67
대리점,67
한일,66
세대,66
실적,66
국,66
일부,66
투표,66
내외,65
창업,65
시대,65
담당자,65
확산,65
가정,65
드림,65
주소,65
곁,65
식,64
구매,64
전국,64
신뢰,64
개별,64
자율,64
부분,64
추,64
이종민,64
예,63
이유,63
개선,63
고용,63
필요시,63
웃음,63
테크,63
에코,63
착용,62
금융사,62
분류,62
실제,62
기대,62
바닥,62
고,62
내선,62
가요,62
24,62
본사,62
수혜,61
규제,61
실,61
자동,61
하반기,61
처,61
노,61
껀,61
니시,61
사이,60
카카오,60
앞,60
신고,60
갑,60
영세,60
다중,60
상반기,60
마,60
표,60
글,60
자리,60
명절,60
OK,60
예수금,60
한반도,59
뉴스,59
겁,59
다기,59
좋은 아침,59
아파트,59
리딩,59
믹스,59
옴,59
박찬우,59
꼬리,58
구간,58
분도,58
삼성,58
엔,58
과장,58
초,58
계속,58
은연,58
정리,58
시스템,58
.us,58
평,58
코스,57
카카오톡,57
규모,57
물산,57
2년,57
약속,57
누적,57
꽃향기,57
한솔,57
성함,57
참가,56
스마트,56
기술,56
3년,56
동안,56
기쁨,56
채무자,56
제일은행,56
앞으로,56
목록,56
남지,56
다음날,56
동시,55
해서,55
비결,55
경과,55
상위,55
폐업,55
르,55
살,55
올해,55
분석,55
홈,55
푸드,55
최신,55
경영,54
테마,54
음성,54
무,54
초록,54
폭,54
대면,54
슈팅,54
과거,54
정연,54
종가,54
택,53
행,53
개요,53
동,53
요청,53
위기,53
보기,53
돌파,53
문재인,53
체결,52
증시,52
상품명,52
믿음,52
조금,52
감소,52
정보력,52
나우,52
기호,52
과정,51
경기,51
오,51
포인트,51
불,51
꿈,51
작년,51
변화,51
하지,51
환,51
새마을,51
악성,51
10,51
다,50
100%,50
증,50
님,50
권,50
공식,50
왕,50
포착,50
삼보,50
특급,50
후기,50
KB금융그룹,50
TV,50
실패,50
이상의,50
아시아나항공,50
닥터,50
출연,50
씨월드,50
이지은,50
범위,49
뱅크,49
차별,49
개발,49
임상,49
정치,49
디어,49
콜,49
기념,49
무더위,49
내세,49
차이,49
참,49
메이슨,49
2월,49
가을,49
방송,48
과다,48
년대,48
윤,48
홈페이지,48
입회,48
현명,48
편,48
재산,48
국민대회,48
누리,48
유재훈,48
회신,47
담,47
등록자,47
총선,47
방지,47
정규,47
철회,47
미리,47
정말,47
납부,47
국가,47
유료,47
규,47
세일,47
이면,47
후회,47
김현우,47
확보,46
스틸,46
재정,46
어,46
하우스,46
이익,46
증가,46
하면,46
복위,46
재테크,46
리스트,46
만도,46
현실,46
까뮤,46
의원,46
연상,46
부대,45
보상,45
분양,45
아침,45
다운로드,45
전문직,45
이용하,45
근로자,45
감염,45
중단,45
연휴,45
지출,45
불기둥,45
크리스탈,45
미소,45
스티,45
한종,45
인터파크,44
가치,44
오니,44
직원,44
실천,44
백신,44
공,44
부족,44
고금,44
면책,44
확대,44
공제,44
대신,44
조사,44
이즈미,44
틱,44
미래나노텍,44
접속,43
비중,43
우대,43
취소,43
운,43
365,43
의,43
현,43
가산,43
컨설턴트,43
림,43
쇼,43
아시아나,43
약관,42
유튜브,42
황금,42
나,42
시중,42
일수,42
즐거운 하루,42
꺼,42
스윙,42
피처,42
곽,42
과,41
이슈,41
돌,41
이력,41
빛,41
라고,41
.to,41
하기,41
가계부채,41
참석,41
스마일,41
케이엘넷,41
종,40
업,40
보완,40
동행,40
내방,40
되,40
모,40
치료제,40
언,40
메세지,40
능,40
영,40
상태,40
추경,40
천,40
방역,40
량,40
립,40
휴직,40
리드,40
복구,40
리얼,40
인터넷 주소,40
닉,40
온라인,39
1월,39
전략,39
공사,39
책정,39
글로벌,39
신소재,39
동양,39
인기,39
도착,39
단계,39
대합,39
최대한도,39
증명,39
렌터카,39
반등,39
현대리바트,39
구,39
건물,39
젠,39
진짜,39
니스,39
맥,39
오가,39
불편,38
실현,38
플랫폼,38
무상,38
하나,38
동참,38
당장,38
청산,38
비법,38
불량자,38
월급,38
채용,38
변,38
님과 함께,38
금요일,38
타점,38
스마트폰,38
우선시,38
자로,38
다스,38
한가위,38
솔,38
발전,37
공급,37
소화,37
진,37
특,37
2021년,37
설,37
위해,37
익,37
근로,37
흐름,37
인하,37
조의,37
설계,37
더,37
PM,37
줄,37
교육,37
좋은 하루,37
방영,37
아무것,37
구원,37
존경,37
포,37
시민,37
공지,36
적립,36
더블,36
마트,36
투자자,36
상당,36
이득,36
하단,36
일체,36
목돈,36
-5,36
뒤,36
조정,36
전체,36
행동,36
비정규직,36
능력,36
이자율,36
30,36
강의,36
.me,36
평균,36
차트,36
도전,36
콘,36
요망,36
상기,36
이자의,36
고통,36
오픈베이스,36
태평양,36
인연,36
스미싱,36
정기,35
복지,35
직종,35
지이,35
시점,35
경고,35
카페,35
9월 10일,35
누락,35
이거,35
나무,35
잎,35
세력,35
착순,35
에탄올,35
리스크,35
불안,35
필독,35
지식,35
광동제약,35
포기,35
큐브,35
보유자,35
선생,35
방안,34
시세,34
합리,34
체,34
반도체,34
개설,34
대부,34
보증금,34
정도,34
정상,34
기사,34
입자,34
습관,34
후속,34
사조,34
모델,34
분화,34
씨티은행,34
출금,34
덕양,34
당원,34
근,33
이동,33
자료,33
수급,33
대선,33
기업은행,33
심,33
유지,33
상가,33
강남,33
순차,33
베스트,33
소액,33
임대,33
산출,33
익일,33
감기,33
폭우,33
매월,33
기획,33
환자,33
자이,33
연속,33
박주영,33
우노,33
77,33
직전,33
함,32
기재,32
하나로,32
가격,32
주목,32
이해,32
단지,32
관,32
신상품,32
이야기,32
재원,32
임시,32
시도,32
속보,32
재무,32
대부분,32
황,32
건축,32
기전,32
취업,32
순,32
.in,32
충전,32
테,32
익수,32
유니온,32
강지훈,32
준호,32
실시간,31
세계,31
전기,31
업데이트,31
골드,31
경,31
겨울,31
판,31
검증,31
순위,31
임차,31
미가,31
즐거움,31
플랜,31
반복,31
빅,31
한강,31
금지,31
정은,31
보탬,31
서신,31
텔레콤,31
강병원,31
레인보우,31
레이더,31
체납,30
못,30
여,30
판매,30
유동성,30
영업점,30
연령,30
철강,30
종근당,30
삼,30
신풍,30
최적화,30
사태,30
고생,30
경자,30
이화공영,30
대구,30
대로,30
갤럭시,30
네트,30
휘닉스소재,30
닉스,29
아주,29
1.5,29
제주,29
정주,29
심의,29
맘,29
경험,29
약정서,29
GH,29
론,29
숫자,29
우수,29
사용자,29
바람,29
일상,29
한통,29
대통령,29
비상,29
회의,29
지수,29
덫,29
관망,29
엔피,29
알바,29
후안,29
애국,29
섬유,28
벌,28
운전,28
화학,28
조,28
바이러스,28
종사자,28
휴가,28
직도,28
병원,28
쿠,28
이오,28
상식,28
캡,28
칼,28
원소,28
계절,28
링,28
제일바이오,28
MH,28
옥중,28
비비안,28
한우,28
피쳐,28
송정,28
아니,27
신라,27
진공,27
발,27
우선,27
뿐,27
형태,27
필수,27
주간,27
양,27
장주,27
키,27
치킨,27
존,27
수로,27
사정,27
일교차,27
하야,27
소통,27
절,27
COM,27
방향,27
비교,27
잔고,27
영화,27
금속,27
특수건설,27
할,27
경로,27
현대약품,27
김성준,27
남영,27
경선,26
침체,26
여신금융협회,26
보조,26
현대,26
화이팅,26
정답,26
그린,26
싸움,26
아르바이트,26
장마,26
강화,26
NH,26
원칙,26
.cc,26
참조,26
공부,26
성,26
달마,26
약품,26
유나이티드,26
이연,26
융자,26
재미,26
설문,26
관람,26
적자,26
죄,26
앤디,26
내면,26
공석,26
동아,25
휴업,25
편리,25
투명,25
미국,25
주가,25
퍼스트,25
자유로,25
예비,25
정식,25
투,25
스타,25
행운,25
집합,25
작성,25
뱀,25
초과,25
공평,25
순간,25
빠,25
그동안,25
세부,25
초대장,25
집회,25
빚더미,25
진흥기업,25
자금지원,25
해도,25
이엘,25
퓨전,25
로이스,25
아시,25
보건,24
주도,24
유성기업,24
안경,24
단독,24
왜,24
션,24
감면,24
장비,24
장점,24
초보,24
충,24
출구,24
하루만,24
주일,24
지만,24
11월 30일,24
정보통신망 이용촉진 및 정보보호 등에 관한 법률,24
지형,24
.pe,24
-2,24
인가,24
노하우,24
지장,24
사연,24
핸드폰,24
휴일,24
처방,24
네온,24
총,24
베스티,24
넥슨,24
웰컴,24
.do,24
8년,24
교체,24
요새,24
사면,24
활성,23
편안,23
역대,23
프리미엄,23
뉴딜,23
귀,23
사은품,23
해소,23
합병,23
폭주,23
입주,23
해외,23
천원,23
발행,23
전월,23
통신,23
실전,23
소비,23
인정,23
스포츠,23
군인,23
정이,23
요소,23
노후,23
마시,23
마무리,23
소폭,23
책임,23
대처,23
생,23
솔루션,23
밑,23
보시,23
나라,23
영업시간,23
.be,23
7월 31일,23
계,23
장구,23
지정,23
불법,23
환대,23
법률,23
영상,23
주민,23
민주당,23
포스코강판,23
티캐스트,23
팩,22
가조,22
노스,22
항목,22
주년,22
수집,22
풍요,22
매장,22
보조금,22
인수,22
부동산,22
즉시,22
용도,22
반갑습니다,22
법정,22
10분,22
초보자,22
후불,22
착,22
환절기,22
.gy,22
기시,22
이란,22
사고,22
케미,22
반영,22
자문,22
사유,22
초청장,22
만남,22
넷마블,22
메시지,22
박람회,22
광화문,22
매입,22
유성엽,22
밥상,22
조비,22
사료,22
정수,22
묘,22
성실,21
퀴즈,21
누구,21
티켓,21
섹터,21
4년,21
연구소,21
채널,21
에이,21
기계,21
코리아,21
인지세,21
CB,21
지주,21
감,21
AMS,21
제품,21
파악,21
재직자,21
품목,21
스케줄,21
검색,21
다이어트,21
계열,21
현황,21
오천,21
웅진,21
한국프랜지,21
메탈,21
에이스,21
케이프,21
센,21
몰,21
대전,21
바우,21
겨,21
없어,21
실업,21
정석,21
.io,21
양봉,21
포스,21
피에스텍,21
미생,21
공화당,21
일신,21
비엔,21
시초,21
카이,21
청호컴넷,21
약,20
린,20
추첨,20
안내문,20
-1,20
최적,20
유진,20
업계,20
부담금,20
만료,20
월세,20
한신,20
대가,20
옆,20
한국자산관리공사,20
경력,20
매출,20
브랜드,20
기운,20
멘,20
대한,20
보도,20
개미,20
귀가,20
구글,20
몸,20
외국,20
현혹,20
주철,20
디지,20
잇,20
가짜,20
주문,20
레몬,20
벤,20
데코,20
원풍,20
예스,20
국회,20
선거,20
시큐리티,20
정훈,20
시설,19
수업,19
기신,19
쇼핑,19
잔여,19
코로나바이러스,19
1/2,19
모습,19
대기업,19
바이든,19
오하,19
보험료,19
특수,19
올리비아,19
패션,19
광주,19
보안,19
효과,19
조치,19
실업자,19
구제,19
전화번호,19
네트워크,19
체리,19
환영,19
언론,19
화,19
레,19
고개,19
초청,19
주저,19
미접,19
감염자,19
플레이,19
생방송,19
잔치,19
9000,19
시일,19
A3,19
삼화네트웍스,19
분이,19
효율,19
유행,19
은혜,19
남은,19
힐스테이트,19
로젠,19
역전,19
광산업,19
팬오션,19
헬프,19
이트론,19
이철희,19
대창,18
루미,18
마이크로,18
담시,18
모기,18
내시,18
경정,18
컨설팅,18
값,18
리니지2,18
수요일,18
진원생명과학,18
잡,18
계약금,18
활용,18
매니저,18
사원,18
설마,18
지름길,18
보너스,18
수출,18
중복,18
새마을금고,18
계약서,18
향비,18
고려,18
텐,18
중국,18
추진,18
추후,18
가입자,18
근무자,18
바탕,18
매체,18
숨,18
청구,18
공매도,18
한양증권,18
그간,18
MP,18
6월 12일,18
사장,18
치과의,18
기둥,18
.so,18
승,18
7월 24일,18
봄날,18
의정,18
인천,18
한방,18
생활자,18
이프,18
설레임,18
시청,18
신종,18
CJ대한통운,18
동지,18
정권,18
마시스,18
김동만,18
장관,17
수령자,17
브리핑,17
일자,17
사례,17
향상,17
미납,17
재신,17
파격,17
나이,17
수능,17
창,17
에너지,17
소비자,17
델타,17
실투,17
산,17
뭐,17
장이,17
커피,17
기프,17
티코,17
유효,17
라면,17
추격,17
적중,17
무선,17
물,17
액,17
사가,17
임대차,17
급등주,17
코오롱,17
력,17
지원하,17
채무불이행,17
인지,17
진단,17
명품,17
물량,17
뜻,17
저녁,17
00,17
어도,17
KT,17
소정,17
제지,17
격상,17
얼라이브,17
시원,17
치과,17
꽃,17
건설,17
송금,17
보증서,17
고운,17
성창,17
지지,17
당국,17
증자,17
국동,17
성북구,17
구입,16
대형,16
권리,16
펀드,16
일주일,16
진료,16
3월 25일,16
-4,16
원활,16
계양,16
5월 29일,16
단기간,16
서버,16
대량,16
9월 11일,16
지난주,16
칩,16
증서,16
코트,16
치,16
머니,16
가득,16
책,16
징,16
빙자,16
누,16
대회,16
의미,16
하늘,16
통신사,16
SM,16
당첨,16
호로,16
의견,16
일반직,16
티어,16
만내,16
가래,16
벌린,16
사인,16
고급,16
통해,16
치료,16
봄이,16
속도,16
격,16
30년,16
규정,16
7월 17일,16
지난,16
노점상,16
파,16
기가레인,16
향후,16
외국인,16
S2,16
제이,16
자와,16
고집,16
만연,16
총동원,16
매트릭스,16
문예,16
예측,16
자비스,16
두산인프라코어,16
이비,16
크리스,16
부가,16
헬스,16
파미셀,16
정보경,16
알콜,16
알피,16
휴맥스,16
구관,16
로고스,16
이화전기,16
이이경,16
이재권,16
성대,16
조아라,16
루,15
구성,15
여성,15
청소년,15
게임,15
포트,15
6월 26일,15
학원,15
점검,15
확장,15
다운,15
기차,15
연일,15
가운데,15
수주,15
도시,15
원부,15
신청인,15
맛,15
전량,15
질병,15
공부방,15
라,15
당선,15
탈출,15
사대,15
해지,15
다로,15
판정,15
래,15
생활비,15
호미로,15
자극,15
정독,15
제때,15
한번쯤,15
이용한,15
쌍방울,15
간직,15
도소,15
얼,15
에도,15
대장,15
소외,15
화요일,15
순서,15
창출,15
조합,15
마이,15
자제,15
광화문광장,15
목요일,15
재,15
배팅,15
중순,15
엠바고,15
강득구,15
G마켓,15
차려,15
배병수,15
라디오,15
정지훈,15
잔,14
통화량,14
사랑해,14
혜,14
시로,14
수도,14
대학생,14
업종,14
의지,14
류,14
달러,14
메일,14
천안,14
세트,14
감독,14
결,14
중소기업,14
성별,14
복합,14
슈가,14
나머지,14
애,14
이용이,14
이 문자,14
도중,14
연중무휴,14
추가경정예산,14
군가,14
비번,14
모멘텀,14
이다,14
국제,14
여기저기,14
수석,14
중앙,14
천주,14
랑,14
긍정,14
불황,14
손실보상,14
금보,14
철,14
식사,14
거짓말,14
빵,14
빌,14
화일,14
활,14
데이터,14
이사,14
21,14
5월 26일,14
7월 10일,14
소리,14
15년,14
조선,14
해제,14
신용보증기금,14
인상,14
리오니,14
절감,14
수칙,14
제로,14
소망,14
모아,14
시전,14
퍼스,14
출장,14
검사,14
락,14
금융감독원,14
정점,14
능인,14
아남전자,14
12월 31일,14
1월 2일,14
루스,14
동방,14
파인디앤씨,14
동어,14
가사,14
디렉트,14
재욱,14
군민,13
짐,13
성호,13
코프라,13
환경,13
편입,13
유입,13
분별,13
국외,13
전매,13
핵심,13
차량,13
자녀,13
협의,13
버튼,13
하향,13
프로모션,13
전지,13
주신,13
언론사,13
화재,13
C1,13
주관,13
점포,13
이프로,13
과도,13
조원,13
테마주,13
라이브,13
작,13
대응책,13
통보,13
잘못,13
차단,13
일반인,13
나중,13
일자리,13
최악,13
갈수,13
추경안,13
라인,13
빗,13
호흡기,13
밖,13
위험,13
잔액,13
일급,13
인근,13
분위기,13
이구,13
6월 19일,13
재기,13
완납,13
울,13
예배,13
9월 29일,13
문구,13
권고,13
이상이,13
습,13
에어부산,13
트론,13
개최,13
퇴직,13
맨날,13
9월 18일,13
399,13
주민등록,13
위축,13
경품,13
킹,13
서로,13
시행일,13
스타트,13
견본,13
공원,13
-3,13
저,13
그날,13
도미노피자,13
우체국,13
교회,13
도안,13
로보,13
오시,13
더위,13
1000,13
정원,13
카바,13
와도,13
신흥,13
아이티,13
헤븐,13
불사,13
이학재,13
김환,13
울주,13
499,13
기밀,13
NE,13
능률,13
결단,13
경찰청,13
권세,13
이수영,13
투비소프트,12
자부담,12
우리나라,12
금년,12
스토어,12
랜드,12
검,12
4월 24일,12
5월 15일,12
개강,12
입시,12
사이언스,12
한곳,12
사과,12
땅,12
주동,12
볼,12
의무,12
공짜,12
구조,12
플라스틱,12
발열,12
비타민,12
망,12
청개구리,12
머리,12
바른,12
유나,12
신동,12
아침저녁,12
프로그램,12
노미,12
선점,12
정신,12
환불,12
전산,12
문턱,12
분만,12
생활고,12
제,12
.re,12
돈 한,12
이상인,12
본적,12
부장,12
사와,12
서전,12
서산,12
역세권,12
주차,12
신속,12
의료,12
반년,12
하루하루,12
길잡이,12
선별,12
생명,12
정산,12
7월 22일,12
시즌,12
등장,12
얘기,12
임플란트,12
소재,12
텔,12
스카이,12
내실,12
히든,12
5월 22일,12
갱신,12
가입비,12
재고,12
변이,12
2000,12
전면,12
롯데,12
공동,12
주최,12
버스,12
작업,12
9월 30일,12
장세,12
정문,12
한장,12
환기,12
지킴이,12
합의,12
터치,12
공약,12
진도,12
만안,12
토론회,12
대구경북,12
장승,12
김동주,12
물반,12
토크,12
참여자,12
삼성출판사,12
오로라,12
더불어민주당,12
삼부,11
토건,11
매경,11
늪,11
상단,11
뱅킹,11
핫,11
하이,11
주머니,11
전업,11
씨티,11
특강,11
개념,11
대입,11
옵션,11
클래스,11
독점,11
기대감,11
부여,11
외출,11
수요,11
남성,11
태풍,11
수당,11
전원,11
한경,11
도입,11
부양책,11
의자,11
NH농협은행,11
시티,11
수준,11
부각,11
요일,11
지구,11
위원회,11
요점,11
부부,11
정년,11
차익,11
대교,11
자연,11
마다,11
10월 30일,11
현상,11
형편,11
급증,11
자원,11
아시아,11
수금,11
천지,11
덕신,11
검토,11
엔시,11
마켓,11
KBS2,11
로이,11
어로,11
교직원,11
22,11
장만,11
이건,11
쉼표,11
로봇,11
9월 25일,11
꽃길,11
입출금,11
6년,11
공공,11
진흥원,11
다양,11
가구,11
사금융,11
의정부,11
구독,11
여건,11
동반,11
아버지,11
봄맞이,11
연기,11
경향하우징페어,11
생계유지,11
완벽,11
부산,11
이웃,11
기억,11
유무,11
납,11
허사,11
층,11
대호,11
식품,11
반대,11
열차,11
마스터,11
스트레스,11
공여,11
장자,11
유연,11
구천,11
자본,11
골프,11
컷,11
브라더스,11
한성,11
증상,11
병,11
박강,11
육아,11
호연,11
사조오양,11
상주,11
진수희,10
룸,10
생산,10
추세,10
접,10
냥,10
교환,10
캐릭터,10
컴,10
디지털,10
획득,10
계정,10
4월 30일,10
대치,10
학년,10
1/3,10
영어,10
저번,10
오피스텔,10
삼성전자,10
학회,10
수고,10
노출,10
여파,10
라이,10
리츠,10
평형,10
양가,10
학력,10
호실,10
33,10
모임,10
인력,10
여력,10
이용자,10
조절,10
드림로,10
전세금,10
월드,10
프라이,10
질환,10
발견,10
기적,10
집단,10
경비,10
주거지,10
승계,10
우리금융그룹,10
의정부역,10
프래,10
11월 20일,10
실체,10
인테리어,10
마일,10
활자,10
탄력,10
샹,10
역할,10
다만,10
실장,10
우려,10
자랑,10
하우,10
C&C,10
막,10
절반,10
600,10
연동,10
신혼부부,10
26,10
27,10
증액,10
11,10
주거,10
트레,10
요율,10
지원이,10
영업부,10
8월 14일,10
조성,10
결합,10
브이,10
가가,10
이틀,10
메트로,10
빌딩,10
고액,10
리치,10
핑계,10
시공,10
초년,10
도가,10
보증부,10
격자,10
간단,10
아동,10
서지원,10
사회생활,10
자식들,10
가상,10
알미늄,10
손익,10
수완,10
폭염,10
사상,10
김정필,10
덕분,10
이달,10
보력,10
동아전람,10
용품,10
여름철,10
영광,10
휴가비,10
세미나,10
기가,10
단돈,10
선취,10
신시,10
피드,10
고난,10
3월 20일,10
분야,10
전년,10
기자회견,10
기도,10
화이,10
규주,10
한화,10
접촉,10
동대문,10
힌트,10
보건소,10
공천,10
한국당,10
공우,10
구국,10
투쟁,10
에이치,10
SKC,10
원유,10
감산,10
장원,10
남이,10
SK,10
360,10
내리,10
도화,10
무학,10
이정욱,10
김원구,10
위원장,10
상한,10
여수,10
러셀,9
남여,9
연간,9
직구,9
소아,9
배달,9
공간,9
본점,9
경쟁,9
박스,9
20년,9
폭발,9
지분,9
디자인,9
완성,9
운행,9
NO,9
특약,9
삼일,9
최상,9
수학,9
숙,9
수성구,9
세차,9
첨,9
호재,9
전쟁,9
외부,9
세계시,9
당첨자,9
테스트,9
신청서,9
광산,9
운명,9
야,9
21년,9
17,9
한국경제,9
태양금속,9
위너스,9
유출,9
손오공,9
거짓,9
위너,9
취업자,9
중개업,9
별,9
8월 12일,9
추구,9
설계사,9
있다,9
식비,9
단속,9
혁신,9
적격자,9
격려,9
.na,9
표현,9
유종,9
기프트,9
캔,9
운동,9
욕심,9
구미,9
얼굴,9
배분,9
투기,9
사이트,9
줌인터넷,9
지용,9
불경기,9
차지,9
한해,9
원기준,9
15,9
패스,9
대림,9
더 가까이,9
10월 29일,9
9월 27일,9
대체,9
화제,9
푸른,9
밀,9
단조,9
베팅,9
하고,9
적격,9
극,9
달동,9
재개,9
박사,9
주유,9
확신,9
사무소,9
전고,9
검진,9
파크,9
의사,9
V.I.P,9
구경,9
반 주,9
전시,9
신규상,9
환생,9
랠리,9
렌즈,9
프로젝트,9
10월 20일,9
.한국,9
옷차림,9
5월 19일,9
아산,9
무비,9
흑자,9
스팸,9
바다,9
상상,9
코팅,9
셀,9
다이노,9
마리,9
언스,9
우산,9
로한,9
최우,9
연합,9
주식회사,9
33년,9
최진호,9
무죄,9
폴리,9
수단,9
울산,9
신호,9
이혜훈,9
자존심,9
개혁,9
심판,9
구민,9
공략,9
캠프,9
영애,9
통지,9
장저,9
발굴,9
떡,9
찌라시,9
한솔홀딩스,9
LG상사,9
배타,9
대현,9
디스커버리,9
삼양사,9
영풍,9
장대,9
하네,9
광진,9
구청장,9
정동영,9
부상,9
오준호,9
이영돈,9
상공,8
ID,8
시가총액,8
형성,8
수소,8
횡,8
오리진,8
성인,8
뱅,8
전투,8
줌,8
면허증,8
물건,8
마법,8
연구,8
하드,8
가시,8
5월 28일,8
1월 31일,8
명인,8
확률,8
통계,8
전형,8
투입,8
배터리,8
재생,8
무기,8
차원,8
기자,8
후발,8
취득,8
소형,8
설명서,8
신중,8
홍,8
축,8
탄,8
이씨,8
우연이,8
신입,8
교통비,8
복리,8
후생,8
정성,8
데이,8
지침,8
일요일,8
8월 30일,8
대성,8
방어,8
성우,8
부문,8
정통,8
위로,8
동등,8
타격,8
본부,8
산정,8
이자연,8
오케이,8
고연,8
축복,8
시지,8
오랫동안,8
호소문,8
스피드,8
듯,8
허,8
삶의 질,8
제작,8
내야,8
측면,8
현장,8
재무관리,8
예금,8
러,8
트리,8
로그,8
디바,8
이스,8
탑,8
개시일,8
입사,8
지원자,8
채팅,8
지론,8
단축,8
.ir,8
선산,8
삼촌,8
건의,8
다수,8
소울,8
섭입,8
들,8
리차,8
도약,8
부정,8
물품,8
스펙,8
라보,8
동료,8
로그인,8
명일,8
으뜸,8
부산은행,8
경기도,8
자수,8
기법,8
자재,8
기온,8
1월 29일,8
파견,8
핵형,8
부적격,8
행복합니다,8
선불,8
거주,8
품질,8
출신,8
자신감,8
작전,8
장시,8
CJ,8
김지호,8
릭,8
대원,8
기입,8
대구역,8
방출,8
젠드,8
데일리,8
응답,8
거지,8
옥션,8
쇼핑몰,8
34,8
향기,8
모토닉,8
광명전기,8
잡기,8
수원,8
고의,8
민중,8
토론,8
금번,8
4월 7일,8
4월 1일,8
아우,8
송하윤,8
나노,8
유세,8
대변인,8
소스,8
탐방,8
윤준,8
그림,8
유섭,8
대구은행,8
우정,8
쌍,8
홈플러스,8
바겐세일,8
엘바,8
펩트론,8
파일,8
원제,8
조리,8
타결,8
사서,8
서울역,8
이정윤,8
가보,8
연구관,8
익스프레스,8
걸,8
숟가락,8
곤연,8
중지,8
중랑구,8
안상수,8
김효,8
성동,7
상지,7
지니,7
뮤직,7
퇴사,7
난,7
밤,7
1+1,7
대한항공,7
하나라,7
.bz,7
3C,7
라그나로크,7
출입구,7
엔케이,7
단체,7
꿀,7
개시,7
전방,7
책임감,7
융,7
건과,7
새봄,7
설날,7
5월 30일,7
풀,7
내년,7
정시,7
이진,7
넥스트,7
동성로,7
향,7
크로니클,7
바로 가기,7
리챠드,7
절약,7
분출,7
신약,7
불당동,7
취득세,7
관장,7
여당,7
사업장,7
상호,7
역,7
중앙로역,7
네거리,7
주상,7
요다음,7
역사,7
말로,7
멀티,7
천명,7
전해,7
공정,7
10월 23일,7
이용기,7
제시,7
가이드,7
모터스,7
선언,7
여명,7
장의,7
정직,7
퇴직금,7
청년,7
파이낸셜,7
주공,7
감당,7
먹,7
합산,7
이확,7
니,7
시내,7
스파,7
음식,7
킹스,7
샌즈,7
척,7
맛집,7
5월 13일,7
질,7
8월 28일,7
매너,7
보신,7
음주,7
쥐,7
V.,7
메타버스,7
잠시,7
3D,7
잠깐,7
이민우,7
풍년,7
명문제약,7
유라,7
베,7
각종,7
대세,7
원리,7
서울특별시,7
가맹점,7
도비,7
고유,7
12,7
대안,7
법조인,7
신년,7
비례,7
미달,7
며칠,7
10월 16일,7
9월 21일,7
.jp,7
지혜,7
열,7
저장,7
상시,7
맞이,7
악화,7
8월 21일,7
특성,7
SK텔레콤,7
장형,7
모드,7
만해,7
특화,7
배틀로얄,7
스토리,7
충격,7
비전,7
시청역,7
정책금융,7
공고,7
이변,7
위드,7
도로,7
폐렴,7
후에,7
해결책,7
분간,7
두,7
상담자,7
10월 31일,7
봄바람,7
변제,7
비스타,7
전시관,7
폭탄,7
팩트,7
경북,7
접종,7
500,7
비상금,7
800,7
종일,7
곤,7
올,7
발령,7
닷,7
행복한 아침,7
리세,7
동호,7
페어,7
빙,7
복권,7
우진,7
칭찬,7
야외,7
각,7
동반자,7
보니,7
연경,7
봉,7
길목,7
하임,7
페이지,7
이두,7
출근,7
4월 10일,7
이영민,7
제목,7
이기,7
편지,7
승부,7
송이,7
자택,7
급락,7
윤석열,7
센트럴,7
30대,7
극찬,7
중요,7
소중,7
4월 15일,7
수량,7
찬,7
트럼프,7
판타지오,7
SNS,7
성철,7
메이,7
기침,7
영천,7
NET,7
투표일,7
고고,7
영등포,7
가슴,7
신림,7
전자서명,7
발동,7
은퇴,7
금주,7
가도,7
유아,7
서당,7
박수,7
재택근무,7
도서관,7
반값,7
리사,7
알코,7
299,7
대한해운,7
내주,7
필승,7
양파,7
이온,7
휴비스,7
박진원,7
전진,7
장손,7
고종,7
스폭,7
요조,7
고보,7
목조,7
심강,7
콜시장,7
맥스,7
격차,7
겸손,7
페이퍼코리아,7
오페라,7
고창,7
황주홍,7
무소속,7
사학,7
전자화폐,7
중랑,7
청와대,7
범수,7
김영문,7
개학,7
오빠,7
음식점,7
물리,7
협조,6
신화,6
오산,6
구인,6
구직,6
구비,6
타임,6
나가,6
고자,6
율,6
자동차,6
매물,6
회사원,6
신협,6
축소,6
어린이,6
지향,6
대우,6
존재,6
3월 31일,6
절호,6
국어,6
독,6
로얄,6
부품,6
돌입,6
해드,6
이용료,6
고치,6
한지,6
싹,6
신불,6
쯤,6
7월 16일,6
전반,6
새해맞이,6
신상,6
백화점,6
정진,6
위치,6
초고,6
준법,6
부서,6
18,6
코너,6
대북,6
다면,6
졸업,6
다년간,6
의회,6
산발,6
오류,6
샷,6
분열,6
비행,6
고졸,6
식대,6
7월 23일,6
득,6
연초,6
수성,6
K1,6
지방,6
포털,6
BC,6
극대,6
계통,6
전환점,6
앞길,6
화폐,6
이낙연,6
양호,6
논의,6
신주,6
이노,6
에프,6
연기금,6
새집,6
마감일,6
더크,6
매직,6
상속,6
31,6
식별,6
16,6
결혼,6
11월 15일,6
목도,6
시국,6
8월 18일,6
10월 14일,6
한가지,6
인터뷰,6
누가,6
쇄도,6
초본,6
타행,6
완,6
앞장,6
저금,6
하나금융그룹,6
신용거래,6
플래티넘,6
플립,6
틀,6
콜라,6
100년,6
방주,6
한자리,6
인구수,6
원성,6
RF,6
본부장,6
날짜,6
약자,6
주로,6
일평균,6
V2,6
오늘이,6
한컴,6
나이스,6
금대,6
시반,6
추억,6
이세상,6
궁금,6
제비,6
매수세,6
장애,6
원가,6
시나,6
입하,6
고수,6
사이버,6
스타벅스,6
간의,6
운송,6
질문,6
5월 20일,6
단풍,6
국가대표,6
아산시,6
전부,6
폐기,6
거래처,6
000,6
관원,6
위안,6
헤리티지,6
F2,6
부진,6
건들,6
체계,6
보전,6
6월 11일,6
신설,6
중편,6
오피,6
신도시,6
기능,6
사무실,6
크림,6
변명,6
회원권,6
주중,6
김나영,6
명의,6
5000,6
잡지,6
총궐기,6
Z1,6
민족,6
측,6
50,6
성서,6
주강,6
정님,6
보면,6
걱정거리,6
은비,6
소멸,6
소신,6
바보,6
역경,6
위탁,6
7월 28일,6
선시,6
충원,6
300,6
실태,6
유일,6
형님,6
한일시멘트,6
키트,6
오름,6
안사면,6
굿,6
고전,6
이재명,6
진구,6
적금,6
성경,6
의욕,6
엔드,6
법칙,6
의류,6
정읍,6
대리인,6
김준,6
전승,6
최성,6
시제,6
선관위,6
위반,6
연설,6
333,6
대종상,6
영화제,6
화물,6
아침마당,6
김정수,6
손해보험,6
영포,6
방림,6
태극기,6
쿠쿠,6
공업,6
구청,6
번주,6
우상,6
가동,6
베이스,6
가축,6
와우,6
유력,6
신방,6
재택,6
중턱,6
최헌,6
만우절,6
파란색,6
영대,6
비씨카드,6
예보,6
의장,6
엔지니어,6
화랑로,6
한미약품,6
복지부,5
고창군,5
손소독,5
컴퓨터,5
대중교통,5
힘찬,5
배우자,5
문화,5
자부,5
입증,5
만주,5
한국판,5
저항,5
등기,5
현성,5
12월,5
이지,5
스타일,5
이탈,5
첨단,5
생일,5
학교,5
엄,5
과학,5
논술,5
김성주,5
학습,5
2017년,5
제주도,5
건너,5
전장,5
구글 플레이,5
던전,5
영웅,5
헤어,5
멤버,5
중장기,5
화이자,5
물질,5
움직임,5
대폭,5
박종훈,5
흡수,5
아리,5
팰리스,5
상권,5
로만,5
3월 13일,5
주님,5
흰쥐,5
지하,5
매시,5
바라,5
주변,5
중도금,5
인물,5
강세,5
민이,5
불행,5
감시인,5
월차,5
남구,5
읍,5
응대,5
카오,5
지하철,5
부근,5
더나은,5
반응,5
제기,5
처음처럼,5
13,5
슬기,5
10월 15일,5
영등포구,5
F4,5
접시,5
헤럴드,5
짜,5
9월 15일,5
중개,5
알파,5
요시,5
퍼센트,5
영업장,5
한국신용정보,5
득실,5
주기,5
전시회,5
악재,5
9월 13일,5
임문호,5
합법,5
동영상,5
따,5
66,5
유형,5
싱글,5
L1,5
심정,5
불안정,5
아픔,5
상처,5
심해,5
서울시,5
동국,5
29,5
정다운,5
에버,5
다임,5
갤럭시아에스엠,5
이치,5
아파텔,5
클리닉,5
외인들,5
혼,5
이적,5
입주자,5
고저,5
11월 24일,5
9월 23일,5
팁,5
스스로,5
시각,5
본격,5
돌고,5
도박,5
책자,5
중소,5
벤처기업,5
지급액,5
업자,5
한비,5
진행자,5
월평균,5
동향,5
선수,5
랜덤,5
카트,5
친필,5
한정판,5
기기,5
극한,5
생존,5
은혼,5
한국거래소,5
모델링,5
의료진,5
고향,5
부모,5
시책,5
소요,5
태양광,5
조중동,5
주안,5
교,5
마당,5
80,5
신도,5
속내,5
청첩장,5
코엑스,5
설비,5
위신,5
대행,5
부적,5
등본,5
재정난,5
당부,5
예전,5
자부심,5
쪽,5
놀이,5
성적,5
고기,5
국산,5
페이,5
PC,5
주사,5
찬바람,5
5월 21일,5
이윤,5
6월 15일,5
융통,5
안녕,5
경신,5
암,5
8월 11일,5
아이오,5
심리,5
불확실성,5
시너지,5
퍼시픽,5
타운하우스,5
주이,5
감염증,5
이차,5
동원,5
주전,5
놀,5
8월 31일,5
순식간,5
주진,5
좀,5
익형,5
노동자,5
중구,5
포레,5
덕양구,5
이유리,5
초급,5
오텍,5
금호산업,5
정선,5
호텔,5
서명,5
의도,5
포커스,5
대금,5
점심,5
부과,5
완공,5
난항,5
설상가상,5
오프,5
세진,5
모나미,5
엄습,5
지마,5
숙박,5
총리,5
KC,5
출자,5
신성,5
불규칙,5
질병관리본부,5
지난해,5
아름,5
저도,5
옹,5
환율,5
이행,5
추심,5
싱,5
이정,5
등급제,5
야구장,5
추성훈,5
보름달,5
로나,5
피로,5
뮤즈,5
청주,5
여미,5
과제,5
작품,5
방편,5
직영점,5
김준수,5
남향,5
주위,5
행복한 주말,5
아무도,5
싸이,5
마케팅,5
에이치엘비,5
난리,5
청주시,5
토피아,5
대적,5
25,5
양수,5
에선,5
준수,5
고발,5
지참,5
박희수,5
농가,5
전국한우협회,5
.tv,5
이목희,5
성과,5
헌신,5
평택,5
진료소,5
손학규,5
생정보,5
수상,5
중앙당,5
부응,5
물류,5
남녀노소,5
기쁜 소식,5
주유소,5
코아,5
채경,5
첫날,5
반납,5
스웨,5
막차,5
시진,5
송부,5
녹십자,5
장난,5
주산업,5
주의보,5
사냥,5
서린바이오,5
중성,5
공상,5
어시장,5
수확,5
단가,5
좌파,5
숭례문,5
우파,5
제너,5
셈,5
부리,5
덕배,5
41,5
민수,5
사람과,5
대만,5
리자,5
권택기,5
무작위,5
광명,5
출입증,5
미추홀,5
사후,5
오프라인,5
배포,5
화순,5
차리,5
성북,5
여수시,5
행정명령,5
품격,4
마크,4
방침,4
23,4
정지,4
체온,4
분신,4
화성,4
근면,4
특혜,4
빌라,4
조명,4
파시,4
11번가,4
오락,4
알짜,4
대한뉴팜,4
스키,4
성형외과,4
원장,4
실질,4
현대자동차,4
소비세,4
힐,4
전설,4
내신,4
김성수,4
과목,4
수립,4
대학,4
메가스터디,4
냉장고,4
펜,4
생성,4
7월 7일,4
아덴,4
영지,4
상아탑,4
차편,4
상장,4
홍보,4
방해,4
친환경,4
상승세,4
주자,4
신세계,4
고자리,4
미소금융,4
비오,4
결재,4
의식,4
조은,4
열쇠,4
최하,4
김민재,4
녀,4
여기,4
둔화,4
유럽,4
SK케미칼,4
좋아서,4
구매자,4
기여,4
토대,4
부담감,4
기로,4
장사,4
ONE,4
기지,4
이랑,4
B4,4
선진,4
양평동,4
미디어,4
사관,4
갈등,4
회장,4
세로,4
매각,4
투데이,4
온,4
환시,4
계산,4
측정,4
수도권,4
7월 19일,4
국민건강보험,4
파이팅,4
6월 30일,4
손님,4
X2,4
리그,4
국비,4
글라스,4
바바,4
고객감동,4
장기간,4
IV,4
유방,4
콘텐츠,4
영리,4
방장,4
가의,4
가량,4
E6,4
남편,4
용돈,4
킹덤,4
그때,4
일양약품,4
광화문역,4
데리,4
집중호우,4
해나,4
덕소,4
소유자,4
신용개,4
버티고,4
KBS,4
자본금,4
경빈,4
첫걸음,4
숲,4
.ws,4
회전,4
타입,4
명성,4
소프트센,4
원매,4
문주,4
공장,4
경창,4
LS네트웍스,4
세종,4
구축,4
보수,4
대형주,4
혁명,4
친,4
오만,4
초대권,4
서민갑부,4
한국주택금융공사,4
부적금,4
가업,4
28,4
시상,4
타로,4
마니커,4
사립학교,4
10월 19일,4
비만,4
패배,4
주식 투자,4
백수,4
마찬가지,4
국장,4
여정,4
선박,4
김태환,4
앵콜,4
지면,4
가자,4
불투명,4
오기,4
주소지,4
금고,4
부재중,4
탁,4
넷,4
한국인,4
스페셜,4
그래픽,4
드리프트,4
테스,4
손흥민,4
유니폼,4
수행,4
포획,4
파티,4
.by,4
링커,4
엘리자베스,4
애플,4
폐,4
아이들,4
프라자,4
환급,4
건조기,4
롭,4
2019년,4
연말,4
8월 19일,4
도하,4
피부과,4
트리플,4
인당,4
치매,4
아이폰,4
유당,4
차례,4
월길,4
4등,4
순수익,4
맵시,4
정가,4
비즈니스,4
크레딧,4
최소한,4
채건,4
한마디,4
이불,4
예산안,4
신과함께,4
전한,4
초점,4
스테이크,4
할거,4
유사,4
신학,4
10월 9일,4
계동,4
각자,4
기제,4
상생,4
뿌리,4
에더,4
5월 14일,4
좌,4
초기,4
현안,4
실직,4
동창,4
의전,4
전하,4
협동,4
자기,4
행시,4
경산,4
도보,4
관점,4
본업,4
마음을 열고,4
파재,4
74,4
동구,4
군포,4
아메리카노,4
자연재해,4
충당,4
야구,4
댓글,4
봉지,4
김이슬,4
칸,4
주종목,4
164,4
만포,4
상쾌한 아침,4
프리사,4
7월 30일,4
밀알,4
애정,4
서기,4
이안,4
소문,4
내원,4
피플,4
조세,4
무역,4
하자,4
리버,4
콩,4
구멍,4
음,4
호응,4
사무,4
공예,4
레저,4
일산,4
통증,4
놀이터,4
골,4
벌이,4
요가,4
인후,4
이대로,4
동물,4
강원도,4
물놀이,4
소피아,4
장시간,4
유로,4
양도,4
분실,4
벌금,4
배우,4
법안,4
기비,4
C5,4
학군,4
테라스,4
11월 29일,4
환전,4
주선,4
신기술,4
입구,4
군단,4
블록체인,4
통과,4
신사임당,4
동아줄,4
센타,4
록,4
햇빛,4
6월 16일,4
접근,4
코스닥,4
유정,4
힐링,4
여름휴가,4
하시바,4
남녀,4
분당,4
광택,4
한국인터넷진흥원,4
강압,4
도내,4
6월 23일,4
파란,4
세월,4
제재,4
미니,4
윈,4
약국,4
이용만,4
남자,4
마라,4
정의,4
정인,4
예년,4
허가,4
토지,4
심화,4
육박,4
외환,4
원주,4
해보면,4
A6,4
시판,4
청교도,4
일당,4
비가,4
4월 22일,4
논평,4
소프트,4
바이너리,4
착수,4
리제,4
네로,4
일선,4
고가,4
인프라,4
여자,4
결론,4
현관,4
아트,4
강풍,4
호우,4
모험,4
파이,4
지난번,4
룰,4
금융 서비스,4
정보통신위,4
헌법,4
실구매,4
환상,4
만사,4
박성민,4
달라,4
눈물,4
파기,4
감염병,4
포교원,4
마안,4
신범철,4
교촌,4
천안시,4
반계,4
메가시티,4
평택시,4
공재광,4
무능,4
39,4
선거법,4
서병수,4
동선,4
인천시,4
천막,4
경연,4
통관,4
VJ특공대,4
의증,4
이인선,4
조국,4
부평구,4
새벽,4
인수자,4
우두산,4
보나,4
공감,4
노무현,4
호크,4
VI,4
은총,4
위메프,4
스킨,4
VP3,4
시온,4
서한,4
트릴,4
덤,4
눈앞,4
32,4
류성걸,4
취임,4
주우,4
특이,4
홍수,4
치마,4
요서,4
방심,4
목숨,4
발휘,4
삼진,4
예언가,4
가위,4
눈치,4
길이,4
요한,4
엔지니어링,4
공포,4
분쟁,4
구출,4
플라이,4
우일,4
신건,4
골든타임,4
조광,4
상피,4
대주주,4
잡가,4
식사 준비,4
미로,4
오션,4
기본급,4
테오,4
10억,4
삽시,4
다선,4
T8,4
사용료,4
SBS 라디오,4
유권자,4
무시,4
영문,4
공인회계사,4
김정우,4
담배,4
데이타,4
모금,4
맹성,4
부조금,4
공단,4
울주군,4
정세균,4
본선,4
한국소비자원,4
변호사,4
종수,4
아끼다,4
정승,4
에펠,4
배상,4
제대혈,4
클라우드,4
60분,4
출마,4
남동구,4
단추,4
춘천,4
밀접,4
.eu,4
강명구,4
롤링,4
깡통,4
성남시,4
송재호,4
보증보험,4
전북,4
오토,4
모티브,4
성동구,3
운동복,3
등록증,3
마일리지,3
OO,3
엊그제,3
1월 30일,3
SOL,3
세무,3
적립금,3
비도,3
상점,3
파동,3
합류,3
블로그,3
만나,3
검단신도시,3
소유,3
첨부,3
견,3
파워,3
주행,3
차로,3
운전자,3
제어,3
장착,3
아기,3
큐,3
김수호,3
노블레스,3
계약자,3
원우,3
미적분,3
생명과학,3
반주,3
인문,3
설명회,3
노동,3
방학,3
수험,3
서연,3
정남,3
맞은편,3
완비,3
청소,3
테라,3
아스,3
공격,3
광역,3
세번,3
팬데믹,3
맹목,3
일보,3
전쟁터,3
7월 20일,3
솔고바이오,3
골치,3
협회,3
10월 12일,3
원보,3
증권사,3
한계,3
불씨,3
젤리,3
이혜은,3
장마철,3
보광사,3
무의식,3
바바라,3
스티오,3
타도,3
직주,3
회선,3
에다,3
출퇴근,3
인센티브,3
교통,3
IOT,3
일본,3
등에,3
먹거리,3
허용,3
취지,3
길라잡이,3
FC,3
준비물,3
동방불패,3
10월 5일,3
웃음꽃,3
안이,3
덴트,3
이즈,3
수록,3
등등,3
물가,3
피드백,3
기초,3
주휴수당,3
유지비,3
투자가,3
이건희,3
삼성전,3
대부업,3
나주,3
에볼루션,3
한눈,3
자동화,3
써비스,3
퇴임,3
탓,3
O2,3
이승만,3
광장,3
좌표,3
전개,3
레드,3
데비,3
퍼스트 클래스,3
날개,3
국민연금,3
캠핑,3
특별전,3
맨,3
테이,3
잡이,3
가실,3
NG,3
B6,3
절망,3
말도,3
김승관,3
불가해,3
억제,3
성분,3
법원,3
가행,3
승자,3
피해자,3
G3,3
나래,3
밀착,3
과열,3
방치,3
김민기,3
은평,3
유일한,3
드라마,3
36,3
티에,3
김찬,3
회로,3
14,3
승급,3
예정자,3
우량,3
군무원,3
디딤돌,3
KG,3
증식,3
오공,3
가치투자,3
10월 26일,3
변환,3
11월 16일,3
8월 24일,3
유명,3
슈퍼카,3
교육비,3
B.I,3
가이드라인,3
삭제,3
솔로몬,3
출간,3
강요,3
재계약,3
영재,3
관리자,3
색칠,3
노루,3
페인트,3
우시,3
장인,3
쟝,3
TO,3
유흥업,3
향락,3
출생,3
신부,3
결격,3
운수업,3
내점,3
달인,3
리가,3
SC,3
재발,3
11월 10일,3
간담회,3
탈것,3
최강,3
이용권,3
커뮤니티,3
소환,3
이태성,3
레벨,3
임금,3
안드로이드,3
하이패스,3
스톤에이지,3
조련사,3
축제,3
최후,3
올스타,3
콘도,3
보로,3
세븐나이츠,3
영웅들,3
원작,3
아내,3
아이템,3
자치,3
장도,3
이로,3
전문점,3
9월 17일,3
뼈,3
창조,3
반기,3
전날,3
환호성,3
웨이,3
2월 18일,3
랜드마크,3
의정부시,3
해피,3
정보화 시대,3
실속,3
부산물,3
신조,3
매달,3
평화,3
한나,3
진다,3
전시장,3
자락,3
정보 관리,3
공기,3
단풍잎,3
해일,3
11월 27일,3
빛나,3
마음속,3
신이,3
보편,3
분산,3
경쟁력,3
종양,3
의약품,3
가까이,3
일다,3
교류,3
해석,3
김진,3
불로,3
안경원,3
선글라스,3
단장,3
선불카드,3
냉,3
로켓,3
겹,3
코어,3
남포,3
데시,3
S6,3
S1,3
구리,3
순금,3
D3,3
낙,3
계자,3
8월 9일,3
체크카드,3
여행,3
장려,3
유리,3
택일,3
정열,3
용저,3
사랑으로,3
거실,3
줄기,3
전셋값,3
하니,3
체증,3
카지노,3
가처분,3
서희,3
힐스,3
특허,3
경제적 자유,3
서프라이즈,3
혹,3
평안,3
염원,3
5월 18일,3
생략,3
남양,3
광주광역시,3
독감,3
국내외,3
짓,3
제1금융권,3
고장,3
예탁금,3
권장,3
제도로,3
급상승,3
유념,3
전속,3
별세,3
항체,3
전단,3
대란,3
오뚜기,3
번들,3
해태,3
밥,3
김경옥,3
영한,3
양광,3
논리,3
엘지,3
조이,3
8월 7일,3
통폐합,3
자미,3
다산,3
승희,3
집으로,3
현대건설,3
형평,3
초등학교,3
걱정하지마,3
쿠팡,3
보충,3
주택자,3
번지,3
여과,3
곡물,3
오피스,3
MBC,3
3호선,3
MBC 건축박람회,3
엑스포,3
조경,3
물빛,3
혼란,3
불변,3
간격,3
필라테스,3
반려,3
모닝와이드,3
피자,3
C6,3
D6,3
발주,3
단언,3
가세,3
쌍끌이,3
11월 13일,3
미중,3
야기,3
일전,3
회수,3
장려금,3
행위,3
전수,3
치유,3
뉴스레터,3
성사,3
시그널,3
출로,3
문항,3
유리막,3
타이어,3
이고,3
장오,3
야간,3
보릿고개,3
건축물,3
짝,3
짙은,3
출현,3
부세,3
스파르타,3
쥬,3
모션,3
베트남,3
러브콜,3
이어,3
끈,3
마시기,3
요정,3
65,3
전폭,3
신강,3
범어,3
87,3
박중근,3
강희,3
김지웅,3
김현수,3
한낮,3
로키,3
주제,3
기상,3
사죄,3
이도,3
3월 27일,3
4월 9일,3
초록빛,3
제타,3
보내기,3
디테일,3
루시,3
6월 25일,3
허브,3
소나기,3
환승,3
희망자,3
6월 24일,3
하시나,3
록키,3
중계,3
유통,3
입출,3
송해,3
약간,3
메뉴,3
스포,3
사리사욕,3
10월 27일,3
교실,3
오늘밤,3
밑바닥,3
단어,3
콕스,3
임상시험,3
점퍼,3
오류로,3
마포,3
캠퍼스,3
강사,3
김한나,3
메가,3
어휘,3
화요,3
시가,3
학자금,3
이동하,3
A8,3
석유,3
사설,3
원흥,3
내동,3
미련,3
음악,3
프랜차이즈,3
설교,3
이여,3
Q3,3
KY,3
지도자,3
전이,3
실감,3
국무회의,3
계획안,3
의결,3
정성구,3
토요,3
무효,3
중반,3
무기명,3
회원동,3
한고은,3
증진,3
복용,3
인터내셔널,3
이리,3
사신,3
로하,3
동남권,3
공항,3
후회합니다,3
지엔,3
선미,3
반사,3
세탁,3
죽,3
은유,3
북상,3
프로필,3
팔,3
주심,3
메인,3
상회,3
성공회,3
구로,3
고문자,3
제안,3
널,3
호명,3
3000,3
라이프,3
거주자,3
애비뉴,3
거래량,3
부산진구,3
일방,3
제주시,3
S4,3
환송,3
족쇄,3
호소,3
김경욱,3
충주,3
세배,3
어르신,3
봉행,3
해인사,3
K7,3
엄마,3
정치인,3
사랑합니다,3
V3,3
법회,3
소실,3
고신대학교,3
복음,3
선대위원장,3
관악구,3
큰스님,3
문병호,3
국난,3
판교,3
관세청,3
결산,3
불꽃,3
격리,3
퇴근,3
식당,3
독재,3
경축,3
01,3
일회,3
국정,3
용산,3
폐쇄,3
APP,3
케이티,3
벨소리,3
컬러,3
착시,3
기지국,3
김동일,3
안시,3
명문,3
예림당,3
튜브,3
한숨,3
직급,3
뿔,3
일등,3
천시,3
수산,3
서구,3
기세,3
덕성,3
자료실,3
월말,3
김경환,3
한전,3
동학,3
중장,3
아도,3
나침반,3
금강,3
모비,3
아이즈,3
김세훈,3
김혁,3
한필수,3
탕감,3
장군,3
잭,3
답지,3
카카,3
롯데손해보험,3
일로,3
핵폭탄,3
가생,3
폭격,3
중외제약,3
정수연,3
이노베이션,3
기수,3
요원,3
장미,3
부이,3
원준,3
시고,3
가오,3
라구,3
토지면,3
나파,3
박차,3
슈와,3
진희,3
이은,3
옆집,3
대웅제약,3
우저,3
박근혜,3
당시,3
우연,3
성명,3
상투,3
추진력,3
캐리,3
중공업,3
동화약품,3
엔터,3
99,3
화성산업,3
통행료,3
박살,3
총알,3
떡값,3
한잔,3
주황,3
소원,3
망가,3
제자리,3
SNK,3
에스나,3
상여금,3
사라,3
유언비어,3
코리아나,3
한정수,3
군산시,3
KBS1,3
실물,3
노인,3
등교,3
백지화,3
개교,3
지급시,3
감성,3
이용주,3
소속,3
김우영,3
대구시의회,3
일꾼,3
집권,3
조에,3
롯데카드,3
금요,3
음악회,3
공연,3
12월 15일,3
개정,3
여야,3
외래,3
출입국,3
발의,3
사골,3
세법,3
이의신청,3
의뢰,3
재검토,3
고속도로,3
수원시,3
모트,3
렉스,3
학습관,3
진실,3
고도,3
정관,3
부의장,3
불산,3
북,3
박빙,3
이정보,3
학,3
불복,3
행정,3
구리시,3
지지자,3
수렴,3
업소,3
김미숙,3
도민,3
성찰,3
촌,3
충실,3
정준호,3
G7,3
이정만,3
곶,3
장위동,3
석관동,3
화순군,3
반송,3
강성,3
손길,3
잠언,3
캠페인,3
음식물,3
잔반,3
179,3
김혜린,3
린지,3
안나,3
리서치,3
회관,3
외교,3
시종,3
예고,3
영암,3
무안,3
신안,3
오신,3
과외,3
선임,3
PN,3
쌍용,3
오목,3
장우수,3
회재,3
허영,3
13년,2
응급,2
청정,2
반구,2
미르,2
유희,2
사무직,2
영업직,2
자가용,2
면역력,2
캐시,2
편의점,2
아웃,2
무일푼,2
기업가,2
편승,2
과형성,2
가로,2
9월 28일,2
전망,2
영위,2
묶음,2
언급,2
컴투스,2
카운터,2
어택,2
반격,2
뽑기,2
귀족,2
하안,2
평소,2
아바,2
파라,2
메트릭,2
다이나믹스,2
떼,2
라인업,2
가솔린,2
모던,2
조화,2
빔,2
인식,2
사양,2
인재,2
세미,2
수습,2
끈기,2
김영,2
현시,2
3월 10일,2
복귀,2
출석,2
난이도,2
강좌,2
수능특강,2
적분,2
화목,2
기하,2
양지,2
탐구,2
지구과학,2
지은,2
수리,2
연사,2
장현,2
행전,2
모의,2
고사,2
7월 14일,2
데일리경제,2
동고동락,2
신축,2
에어컨,2
연대기,2
현자,2
오레,2
부신,2
설원,2
미스터리,2
사은,2
입각,2
혜종,2
CNT,2
상업,2
부회장,2
현대차,2
지속성,2
기술이전,2
이동준,2
진출,2
꼴,2
심혈,2
선입,2
주현재,2
그림자,2
험비,2
유증,2
선발,2
인텔,2
무상급식,2
메모리,2
동력,2
원권,2
시절,2
하여가,2
3월 12일,2
괜찮아,2
선호도,2
산업단지,2
조망,2
영이,2
골든,2
신입사원,2
언제,2
청문,2
미성년자,2
항시,2
휴학,2
연차,2
대남,2
백운동,2
곡선,2
독성,2
시험,2
독자,2
공통,2
아마,2
댓가,2
강조,2
미래한국,2
황우,2
해미래,2
캡슐,2
프로폴리스,2
판권,2
띠,2
출발지,2
-D,2
기점,2
저력,2
시선,2
서서,2
올인,2
권력,2
블루,2
웨이브,2
연계,2
사행,2
성용,2
금연,2
5월 7일,2
1월 17일,2
생활인,2
속삭임,2
오브,2
노예,2
헷지,2
계열사,2
시범,2
2025년,2
린카,2
털,2
지표,2
여론,2
조작,2
안타,2
전공,2
나도,2
거래소,2
논스톱,2
보차,2
중년,2
성향,2
소수,2
이외,2
해진,2
특전,2
센스,2
전통,2
우측,2
짜증,2
반성,2
선도,2
다비치,2
구체,2
52,2
재편성,2
오스,2
경향,2
유혹,2
경남,2
창원,2
마음가짐,2
E7,2
일확천금,2
177,2
식욕,2
한약,2
무리,2
부작용,2
내성,2
면역,2
0시,2
보리,2
초심자,2
이든,2
팝,2
유영민,2
장담,2
반환점,2
발돋움,2
개입,2
대팔,2
동기,2
DS,2
시인,2
로버트 프로스트,2
글귀,2
소절,2
갈래,2
인적,2
발걸음,2
믹,2
Z2,2
정육,2
시멘트,2
선지,2
지율,2
항공사,2
수도관,2
녹물,2
베드,2
그리스,2
수직,2
믹트,2
큐리,2
큐어,2
화신,2
웹,2
나기,2
구도,2
시야,2
승리자,2
막강,2
적의,2
연리,2
FOR YOU,2
감동,2
원단,2
시드,2
포지션,2
증거금,2
B5,2
진정,2
낭비,2
이지훈,2
교직,2
로사,2
11월 18일,2
10월 28일,2
10월 21일,2
10월 13일,2
9월 14일,2
11월 17일,2
하체,2
시술,2
살림,2
이수,2
샴푸,2
C4,2
파이어,2
사시,2
번건,2
우승,2
스카우트,2
대답,2
투자율,2
갑부,2
.gs,2
슈퍼,2
다시 시작해,2
건조,2
DSR,2
82,2
코바,2
정보원,2
끼,2
여권,2
무대,2
임차료,2
수취,2
역동,2
원동력,2
용인,2
소의,2
창업자,2
박민우,2
이성호,2
10월 8일,2
8월 13일,2
SK브로드밴드,2
통신비,2
위주,2
신축년,2
활약,2
4월 14일,2
아스카,2
부스트,2
박지성,2
축구,2
초원,2
디렉터,2
심기일전,2
격투,2
선사,2
수행자,2
분해,2
점령,2
위풍,2
행진,2
여종,2
성장률,2
꼬마,2
학자,2
리아,2
우위,2
흑,2
토키,2
카무이,2
오키,2
파이터,2
참전,2
카구라,2
실사,2
구현,2
엘리트,2
항구,2
해금,2
쟁탈,2
길드,2
등메,2
완전,2
용문,2
우르,2
수스,2
불안감,2
스포크,2
도어,2
세탁기,2
에어,2
혼수,2
공동구매,2
거액,2
치아,2
전담,2
9P,2
정복,2
미션,2
명언,2
신형,2
여드름,2
제거,2
도래,2
밸런타인데이,2
우편함,2
소유권,2
차질,2
민락동,2
전예,2
삼정,2
이프!,2
9월 7일,2
9월 8일,2
표준,2
경제생활,2
입금액,2
명가,2
자산운용,2
한발,2
재주,2
파생,2
전격,2
붉은악마,2
비버,2
K4,2
신의,2
랭킹,2
후문,2
살수,2
롯,2
료카,2
장은,2
님다,2
킨텍스,2
인테리어 디자인,2
입장료,2
문제 해결,2
나은,2
을기,2
하오,2
니지,2
정한,2
풍경,2
사각지대,2
늦가을,2
모레,2
활용도,2
무가,2
꽂이,2
해대,2
안부,2
강국,2
무등산,2
린웨,2
2월 14일,2
표시,2
오드,2
저하,2
사용처,2
라이트,2
교주,2
경원,2
까치,2
마포구청역,2
원조,2
노릇,2
비치,2
소독,2
토끼,2
거북이,2
임대료,2
다빈치,2
RTS,2
르노삼성자동차,2
서동,2
휘,2
상무대,2
응모,2
상무지구,2
The,2
뽕,2
사전동의,2
우편번호,2
벤트,2
폴,2
울타리,2
가을로,2
순환,2
RS,2
발길,2
2월 20일,2
조성하,2
업장,2
가정주부,2
증발,2
GM,2
5월 8일,2
발판,2
고립,2
기후,2
돼지,2
원정,2
방문객,2
이란 시,2
안심클릭,2
간진,2
리스,2
하우징브랜드페어,2
툴,2
그랜드,2
기와,2
화상,2
천벌,2
제임스,2
동요,2
증감,2
보이,2
금융채,2
5월 31일,2
고래,2
B2,2
관절,2
금남로,2
내각,2
코스피 지수,2
국민의 힘,2
연말정산,2
군자,2
도메인,2
특보,2
감상,2
경제성장,2
국민정부,2
주재,2
접점,2
금줄,2
정과,2
탄압,2
Dd,2
한노,2
후설,2
긴장,2
아이스크림,2
삼겹살,2
핫도그,2
홈런,2
오리지날,2
동서,2
고소,2
F1,2
관심도,2
선재,2
협의체,2
발족,2
기조,2
고제,2
왕이,2
중국 외교부,2
김재민,2
도합,2
바퀴,2
천사,2
6월 29일,2
눌림목,2
미세먼지,2
증도,2
심배,2
100,2
타워,2
우세,2
핑,2
최성진,2
나름,2
이자액,2
뽁,2
배후,2
완파,2
3M,2
대우산업개발,2
2호선,2
평판,2
과다르,2
이퍼,2
한걸음,2
김수연,2
덕계역,2
회천,2
효도,2
고양시,2
주차장,2
기업공시,2
개막,2
전문화,2
야심,2
강남구,2
공공시설,2
공구,2
등산,2
벡스코,2
인형,2
에디슨,2
드루,2
DA,2
은자,2
.at,2
레이온,2
레인,2
사안,2
극장,2
절도,2
포장,2
해수,2
디저트,2
허락,2
모발,2
나세,2
법적,2
마녀사냥,2
성지,2
황정리,2
한무,2
1004,2
바닷속,2
대유,2
다대기,2
접근법,2
MA,2
박미정,2
지갑,2
주류,2
고스톱,2
피곤,2
백문,2
홍준표,2
봉선,2
블루칩,2
수술,2
샬롬,2
장면,2
옥탑,2
가와,2
운영자,2
플란트,2
토의,2
성모병원,2
세이브,2
장금,2
불가피,2
의연,2
수원역,2
실내,2
예술,2
한국경제TV,2
서울경제,2
디지틀조선,2
성취,2
컨디션,2
스윙스,2
자차,2
직진,2
사망,2
출동,2
회문,2
칠,2
환매,2
결원,2
정윤석,2
이일,2
감각,2
뤼,2
물타기,2
이반,2
엑스코,2
범어동,2
욕실,2
도금,2
프렌,2
250,2
신아영,2
비상시,2
신한금융그룹,2
바이어,2
지나,2
시장 점유율,2
고체,2
도지,2
실리,2
미영,2
아씨,2
결성,2
승주,2
존함,2
김하늘,2
혜성,2
물림,2
악순환,2
난 주,2
습도,2
소홀,2
출회,2
연관,2
수탁,2
내수,2
을제,2
지푸라기,2
오너,2
강도,2
원초,2
LG전자,2
도조,2
8월 26일,2
교차,2
3월 17일,2
입춘,2
4월 3일,2
민지,2
구별,2
폭스바겐,2
왁스,2
채권,2
332,2
일상생활,2
휴대,2
소만,2
태호,2
고비,2
란,2
편법,2
미인,2
권익,2
로토,2
게시판,2
올림픽,2
예선,2
와중,2
중견,2
상하,2
2013년,2
다행,2
기승,2
애로,2
옷,2
고요,2
다방,2
제제,2
따위,2
율과,2
작정,2
+44,2
백전백승,2
본회의,2
유치,2
부양,2
란 코,2
맨투맨,2
쇠,2
캐치,2
형제,2
등락,2
안착,2
김영진,2
원님,2
착공,2
경량,2
한지민,2
요즈음,2
거부감,2
용암,2
토마토,2
진호,2
열기,2
혼인,2
회차,2
유사시,2
로안,2
릴,2
햇볕,2
나스닥,2
텍트,2
윤슬,2
이강,2
영역,2
남휘종,2
풀이,2
호흡,2
구문,2
만점,2
조조,2
문법,2
암기,2
소설,2
과시,2
간표,2
적기,2
꽃처럼,2
평등,2
성실도,2
제강,2
금화,2
봉사,2
위버,2
무용,2
보구,2
우현,2
E1,2
사택,2
압수수색,2
이삭,2
태풍 마이삭,2
경보,2
DI,2
열정,2
도달,2
리더,2
대공,2
미우스,2
리지,2
창립,2
서호,2
둥,2
시선집중,2
김지현,2
11월 1일,2
직영,2
영매,2
해럴드,2
초읽기,2
주인공,2
용태,2
도로변,2
급속,2
레버리지,2
성과급,2
쏜다,2
쿼터,2
민정,2
대검,2
마루,2
저가,2
초겨울,2
김진우,2
최단,2
취미,2
가모,2
패턴,2
칠월,2
서울대병원,2
충동,2
대국,2
레이,2
채소,2
가드,2
원당,2
패밀리,2
페스,2
스웨터,2
가죽,2
모피,2
사교,2
트릭스터,2
섬,2
파워볼,2
누진세,2
주영,2
불만,2
요다,2
486,2
섭취,2
단백질,2
대일,2
논현,2
편의,2
LG V,2
의대,2
황금동,2
화가,2
화정동,2
검단사거리역,2
민병덕,2
연출,2
상동,2
심폐,2
생해,2
우아,2
산림조합,2
제천,2
오일,2
M9,2
혼신,2
요양,2
스퀘어,2
양회,2
훈,2
노장,2
국책,2
깨,2
택지,2
고마움,2
노승,2
동우회,2
장례식,2
민원,2
이종,2
시상식,2
접지,2
어렵,2
방생,2
회향,2
입국,2
호흡곤란,2
선전,2
관계자,2
민주주의,2
견제,2
균형,2
야당,2
역학,2
망우당,2
구로구,2
이인영,2
투표소,2
양육,2
농어민,2
보육,2
부가세,2
명동,2
출정식,2
폼,2
황교안,2
로얄호텔,2
아가씨,2
입장권,2
부호,2
부천역,2
기구,2
버드,2
인삼,2
2014년,2
46,2
고은,2
칼집,2
낙선,2
김선동,2
원전,2
수사,2
독주,2
동법,2
시행령,2
회사법,2
입원,2
업그레이드,2
송산,2
이중,2
2월 24일,2
민심,2
현기,2
충남,2
단청,2
분통,2
호엔,2
시트론,2
복이,2
배출,2
박영선,2
모음집,2
95,2
수저,2
02,2
백과사전,2
구이,2
국거리,2
불고기,2
경비원,2
화로,2
술,2
정욱,2
무용지물,2
김아랑,2
수동,2
묵,2
부의,2
예견,2
치지,2
칠구,2
당해,2
지자,2
백제,2
1200,2
연회비,2
해신,2
대게,2
홍게,2
도소매,2
이아이디,2
양주,2
개운,2
개관,2
GS25,2
원추,2
검침,2
03,2
재가,2
식품의약국,2
명종,2
의종,2
사조산업,2
명칭,2
숭덕,2
면개,2
태임,2
제맛,2
이봉,2
건식,2
승차,2
봉 주,2
연예인,2
총출동,2
경제난,2
적제,2
곽동연,2
구정,2
우보,2
금값,2
혼돈,2
수영,2
단물,2
스모,2
담장,2
김호,2
종의,2
가수,2
인줄,2
최형,2
가대,2
599,2
파사,2
파보,2
조잡,2
강철,2
4K,2
연합보,2
상제,2
37,2
송편,2
삼광글라스,2
광복절,2
보지,2
황금주,2
강호동,2
수예,2
한자,2
장조,2
스도,2
박보석,2
보석,2
총합,2
태양,2
호조,2
호종,2
장개,2
호동,2
450,2
요도,2
리스탈,2
자가,2
인선,2
소마,2
상저,2
요화,2
효,2
배철수,2
CH,2
빈자,2
한국철강,2
오랜만,2
FP,2
장지원,2
조정구,2
하린,2
고무,2
벨트,2
신생,2
허점,2
쌈짓돈,2
순항,2
돈벌이,2
만적,2
어린이날,2
어버이날,2
시마,2
감선,2
거진,2
땡큐,2
통곡,2
집결,2
핀테크,2
들소,2
통방,2
주발,2
우리들제약,2
영진약품,2
판도라의 상자,2
777,2
치실,2
수치,2
말썽,2
응급처치,2
푼돈,2
수고비,2
패자,2
능통,2
죠지,2
차이점,2
맨몸,2
타협,2
진중,2
말세,2
고익,2
레스,2
우전자,2
피나,2
어중이떠중이,2
STX중공업,2
타임머신,2
자모,2
거두,2
도세,2
놀라,2
이민규,2
멜,2
파스,2
아서,2
리노,2
기만,2
전경,2
백조,2
벡,2
노소,2
요크,2
이예,2
해운,2
RQ,2
주지훈,2
우리기술투자,2
등단,2
부수입,2
진흥,2
혈장,2
두 딸,2
RG,2
한진칼,2
최대원,2
배율,2
하묘,2
신세계백화점,2
시다,2
항명,2
고성국,2
정전,2
교육부,2
옛날,2
선언문,2
부평,2
공작,2
전남,2
동부,2
차성수,2
중대,2
폐지,2
예결,2
개발사,2
냄새,2
성금,2
복당,2
불사조,2
대종사,2
불교TV,2
메가박스,2
분리,2
제안서,2
상징,2
오경,2
땀,2
1월 26일,2
이형섭,2
유실,2
파괴,2
서식,2
지사,2
기저귀,2
분유,2
삼성서울병원,2
C2,2
서석,2
서초,2
휴회,2
봉사자,2
12월 10일,2
김수철,2
개정안,2
연합뉴스TV,2
본원,2
원시,2
흰색,2
동주,2
내시경,2
부위원장,2
대담,2
전염,2
어머니,2
파루,2
부실,2
촉구,2
성범죄,2
반골,2
족,2
어둠,2
열망,2
김대중,2
재인,2
주택도시보증공사,2
옆면,2
.org,2
타코벨,2
학부모,2
전자제품,2
해외직구,2
한국음악,2
앨범,2
한국콘텐츠진흥원,2
시청자,2
간판,2
한진,2
동네,2
남구민,2
입문,2
테크닉,2
탄소,2
안과,2
충남대학교병원,2
응급실,2
주소창,2
강동호,2
동탄,2
10월 7일,2
우성,2
부산대,2
법학전문대학원,2
교수,2
정운학,2
철저,2
유포,2
심상정,2
고심,2
질책,2
겸,2
대한불교조계종,2
교구,2
해인,2
총림,2
종회,2
조실,2
1월 23일,2
12월 29일,2
연애,2
요미,2
후유증,2
청하,2
경기과학기술대학교,2
광산구,2
공직자,2
태세,2
수돗물,2
유충,2
안보,2
소식지,2
군산,2
정당,2
합석,2
큰일,2
종사,2
자원봉사,2
급식,2
비인,2
연대,2
재판,2
KEC,2
김명호,2
김순,2
김일현,2
나인,2
실력자,2
남동,2
김충환,2
삼성화재,2
녹두,2
무릎,2
익주,2
전주,2
산로,2
장애인,2
병수,2
요강,2
라희,2
기모,2
판명,2
이상은,2
피부,2
이원복,2
보심,2
결의,2
니요,2
결혼식,2
지그,2
이세,2
복건,2
만화,2
장위,2
보문로,2
월곡동,2
밀집,2
밀폐,2
이권,2
충고,2
미애,2
KM,2
김두만,2
일진머티리얼즈,2
아이크,2
레프트,2
잉글우드,2
연타,2
간다,2
우선주,2
구세주,2
호구,2
도서,2
일대,2
대전시,2
김경훈,2
관리법,2
논란,2
멍,2
흑사병,2
입성,2
닥터스,2
우리들휴브레인,2
LINE,2
우선순위,2
갈도,2
쌀값,2
개소식,2
의료기,2
홍리나,2
임명,2
만전,2
교육 프로그램,2
교재,2
이원욱,2
화성시,2
잠정,2
외교부,2
오리엔테이션,2
중남미,2
소래,2
IC,2
수지,2
호남,2
이바,2
도미,2
한국갤럽조사연구소,2
SK에너지,2
운동원,2
직불,2
새댁,2
월도,2
무제,2
유기,2
교섭단체,2
지상파,2
유정복,2
전철,2
윤상현,2
혐의,2
불참,2
넵튠,2
이스트,2
운우,2
삼성생명,2
분과,2
바겐,2
상금,2
이진석,2
예금주,2
역량,2
선의,2
마이크,2
로프,2
고상,2
투에,2
나답,2
메디톡스,2
은정,2
풍,2
누설,2
시네,2
귀신,2
특기,2
코칭,2
기상청,2
일기예보,2
장제,2
진제,2
신정훈,2
본건,2
산재,2
간식,2
악기,2
해명,2
이사장,2
무선망,2
관제,2
분당구,2
수정구,2
아이에스동서,2
소량,1
노약자,1
체육,1
신원,1
조개,1
뇨,1
냉커피,1
다신,1
현대카드,1
스트리밍,1
곤란,1
GS SHOP,1
집행,1
가속,1
기획전,1
워너,1
토트,1
리플,1
태진아,1
액세서리,1
다래,1
낙원,1
주화,1
BL,1
사해,1
부산비엔날레,1
1월 12일,1
탐,1
코로,1
용병,1
다이아,1
턴,1
킬로,1
쾌감,1
사거리,1
컨트롤,1
팔자,1
주름,1
출입,1
이종희,1
압구정,1
현대백화점,1
스트림,1
무단,1
변속기,1
특장,1
트레인,1
성능,1
트림,1
충돌,1
탑승객,1
배려,1
러닝,1
출고,1
양진,1
강민정,1
동종,1
여직원,1
정호,1
접수처,1
금융 기관,1
라임,1
연신내,1
광천동,1
해마,1
최고상,1
그래프,1
아이비,1
간부,1
자리아,1
가문,1
레이드,1
상도,1
벽지,1
수중,1
개사,1
평정,1
하위,1
신영균,1
대종,1
김동하,1
양승진,1
이정환,1
유홍,1
박상현,1
이주영,1
성재,1
킬러,1
박하나,1
오지훈,1
백호,1
홍인,1
김영찬,1
강태홍,1
외국어,1
권희수,1
최은,1
김경민,1
시뮬레이션,1
자연계,1
연구소장,1
강사진,1
방학동,1
학생부,1
서성,1
중경,1
외시,1
훙,1
시소,1
수시,1
진학,1
고교,1
서평,1
동아일보,1
개념어,1
저자,1
미분,1
왕복,1
블라인드,1
7월 9일,1
새내기,1
단시간,1
단열,1
손소,1
각국,1
육성,1
연평균,1
공모,1
공모주,1
의성,1
정의선,1
회동,1
외인,1
무림,1
SP,1
약사,1
포로,1
후퇴,1
활화산,1
핫이슈,1
특집,1
7월 15일,1
벤처,1
11월 23일,1
기술력,1
신경망,1
장치,1
한수,1
인대,1
스리,1
영화관,1
기숙사,1
생환,1
리턴,1
징검다리,1
9월 1일,1
3월 14일,1
구두,1
문서,1
알파카,1
캐시미어,1
니트,1
프라임,1
옐로,1
딸기,1
관심사,1
노마,1
신한카드,1
상반,1
내츄럴엔도텍,1
백석동,1
토리,1
길건,1
세입자,1
근접,1
천안아산역,1
영구,1
기대권,1
과반,1
WIN,1
그,1
지원용,1
사보,1
항공권,1
한도액,1
소프트뱅크,1
폭죽,1
나날,1
한투,1
텐텐,1
LIVE,1
아연,1
라도,1
가나,1
문진,1
이동원,1
타국,1
장수,1
양면,1
대통령 선거,1
기정,1
약세,1
국채,1
추정,1
확립,1
입문자,1
한입,1
문 강,1
이방,1
거울,1
정상화,1
사업주,1
자금난,1
요전,1
청렴,1
퍼펙트,1
8월 1일,1
대별,1
입가,1
우편사업,1
초소,1
통신업체,1
기획부,1
사재기,1
지양,1
별개,1
입상,1
패널,1
35년,1
동부증권,1
경희대,1
경영학,1
추월,1
도철,1
커미션,1
월간,1
승률,1
중급,1
범,1
격화,1
보고싶다,1
헤메,1
개개인,1
우후죽순,1
코스트,1
시발,1
거주지,1
장년,1
계산법,1
교과서,1
발음,1
권유,1
명에,1
가람,1
천자,1
양쪽,1
파랑색,1
넘,1
요행,1
나시,1
지요다,1
72,1
술잔,1
고오,1
욕구,1
판도,1
각광,1
목시,1
16년,1
한성기업,1
타이,1
마사지,1
스터디,1
유모,1
CO,1
EO,1
마지막 인사,1
시코,1
근심,1
김민혜,1
ZM,1
6월 5일,1
75년,1
배로,1
억제제,1
마황,1
간과,1
신장,1
악영향,1
디톡스,1
독소,1
노폐물,1
염증,1
체질,1
장서,1
성체,1
요요,1
유래,1
셋트,1
차전,1
테슬라,1
주한,1
재산세,1
개인사,1
환산,1
공해,1
벗,1
길벗,1
검무,1
천칭,1
맘바,1
전문과,1
서희건설,1
마르쿠스,1
퀸,1
틸리,1
누스,1
아진,1
치욕,1
시크릿,1
주주,1
금부,1
상류층,1
I3,1
삼일천하,1
느시,1
메리트,1
컵,1
초반,1
중매,1
기생충,1
다변,1
이태원,1
현대산업개발,1
엉,1
세종공업,1
머큐리,1
게임빌,1
티보,1
템포,1
캐주얼,1
베이직하우스,1
인도네시아,1
아스팔트,1
양극,1
엔진,1
기저,1
약발,1
업황,1
각각,1
핀셋,1
경험치,1
국회의사당,1
노주현,1
조영구,1
이봉원,1
공자,1
두다,1
컨퍼런스,1
큰손,1
계측,1
FT,1
운영비,1
객장,1
AM,1
가감,1
혼합,1
만족도,1
이백만,1
고성,1
445,1
사이에서,1
모나리자,1
키이스트,1
전우,1
4월 29일,1
P2P,1
L3,1
붓,1
파울,1
이맘,1
올인원,1
갱,1
예적금,1
이수지,1
정기예금,1
수협,1
대양금속,1
탱크,1
가입금,1
싸이클,1
이동은,1
스티브 잡스,1
김인,1
수내역,1
투정,1
타오,1
에그,1
만당,1
가에,1
게로,1
연도,1
초심,1
송건,1
.ro,1
배달부,1
혹한,1
양질,1
관련자,1
이완,1
수수,1
분소,1
여류,1
군데,1
지로,1
투기지역,1
원연,1
위촉,1
1월 11일,1
행태,1
게재,1
초래,1
분데스리가,1
스케일,1
위크,1
폭풍,1
8월 4일,1
상급,1
갑옷,1
브론즈,1
실버,1
안정환,1
황선홍,1
월드컵,1
격변,1
발광,1
탄생,1
크레이지레이싱 카트라이더,1
인도,1
이강인,1
이승우,1
축구공,1
고구려,1
명예,1
연신,1
쟁탈전,1
제압,1
낫,1
습격,1
베일,1
미토,1
레퀴엠,1
합성,1
소급,1
환수,1
이모티콘,1
부여성,1
국내성,1
주막,1
라이언,1
행자,1
경청,1
정해,1
10000,1
카트라이더 러쉬,1
고정식,1
마에스트로,1
디스,1
국인,1
대륙,1
보마,1
아이패드 에어,1
마구마구,1
노을,1
쾌속,1
도적,1
아지트,1
7월 6일,1
1월 16일,1
헤드,1
헌팅,1
허가증,1
캐스터,1
압생트,1
스테이지,1
분봉,1
김수미,1
김치냉장고,1
김치,1
신제품,1
드레,1
중고,1
테일러,1
센트,1
레비,1
센텀시티,1
약시,1
갸,1
1월 8일,1
시부,1
낙엽,1
활기,1
변덕,1
일대일,1
기차표,1
이식,1
오라클,1
콜라겐,1
눈썹,1
문신,1
피코,1
고리,1
가중,1
드래곤,1
라자,1
나락,1
2월 13일,1
2월 27일,1
자이언츠,1
보스,1
2월 12일,1
전등,1
가능역,1
중앙역,1
노선,1
개방감,1
용면,1
최대화,1
한국감정원,1
공인인증서,1
통제,1
발발,1
시보,1
종자,1
의총,1
채무액,1
키스,1
우기,1
적정,1
창동,1
K9,1
길일,1
답안,1
등원,1
정중,1
홈사,1
채권자,1
가을철,1
이진행,1
도정,1
이어도,1
멋진 하루,1
선서,1
한당,1
이나,1
의현,1
삶의 의미,1
따라지,1
주목적,1
비적,1
8000,1
대중,1
점유,1
부양가족,1
보급,1
소전,1
품사,1
제2금융권,1
진로,1
도선,1
강윤구,1
해충,1
시간 관리,1
용어,1
안가,1
귀재,1
이해관계,1
집합체,1
조차,1
그 후,1
동남,1
탑동,1
힐데스하임,1
어보,1
세계로,1
채비,1
다량,1
랭고,1
라 루,1
페이크,1
7월 13일,1
벤큐,1
최다,1
좌석,1
모니터,1
인치,1
프로게이머,1
퓨어,1
마우스,1
선두,1
장성규,1
워크맨,1
소시지,1
공수,1
소고기,1
덮밥,1
비빔밥,1
규동,1
오세,1
물티슈,1
킹콩,1
와이즈,1
정품,1
썬글라스,1
양산,1
포스코건설,1
태영건설,1
윤곽,1
백원필,1
필러,1
모노,1
영국,1
BTL,1
복부,1
종아리,1
축소술,1
한쪽,1
카라,1
찌,1
대한민국 1%,1
관건,1
청정기,1
자전거,1
화장품,1
비지니스,1
에센셜,1
홍삼,1
에브리,1
오션스,1
폴더5,1
영해,1
슬롯,1
사랑은,1
해하,1
행성,1
이때,1
창구,1
베이커리,1
부합,1
공인중개사,1
파로,1
청량감,1
기근,1
회로도,1
찜통더위,1
비와,1
심희,1
디케,1
11월 6일,1
정액,1
청약자,1
안방,1
릴레이,1
박주아,1
화대,1
진어,1
역삼,1
송혜교,1
언니,1
마나,1
유흠,1
강성훈,1
승기,1
경산시,1
평동,1
정평역,1
여타,1
면적,1
전신,1
카메라,1
경성,1
아디다스,1
오리지널스,1
장인원,1
코스닥 지수,1
정해진,1
시나리오,1
머릿속,1
순이익,1
비일비재,1
치명,1
서시,1
한마음,1
한뜻,1
환우,1
도태,1
무게,1
속마음,1
57,1
충장로,1
구역,1
주월동,1
생후,1
출생자,1
기약,1
구육,1
호저,1
능직,1
경력자,1
여자도,1
양상,1
족하,1
중종,1
국세청,1
국한,1
예탁,1
기본소득,1
아이돌,1
길만,1
극소수,1
구글 크롬,1
크롬,1
일감,1
상실,1
출하,1
금성,1
P5,1
P7,1
정보국,1
삼성그룹,1
주가조작,1
스릴,1
세리,1
막대기,1
이콘,1
팥빙수,1
끌레도르,1
붕어,1
빙과,1
야채,1
캠벨,1
포도,1
복숭아,1
원목,1
대패,1
공산품,1
계란,1
엘라,1
데미지,1
큐바,1
진한,1
오리지널,1
비비고,1
교자,1
성왕,1
만두,1
죠리퐁,1
말리,1
콘칩,1
스넥,1
카스타드,1
자일리톨,1
껌,1
크라운,1
치즈,1
삼양라면,1
팔도,1
오곡,1
코코,1
아몬드,1
레이크,1
식용유,1
꽁치,1
동원리,1
짠맛,1
고추장,1
대추,1
생강차,1
핫초코,1
비락,1
식혜,1
유능,1
사내,1
94년,1
설립,1
장기전,1
난무,1
5월 3일,1
인성,1
나비,1
내덕동,1
채원,1
합하,1
로열,1
유시,1
엄지,1
중간,1
돌리,1
땡,1
다사,1
센트럴파크역,1
학세,1
원예,1
판테온,1
꼭지,1
번성,1
타스,1
.ml,1
월요병,1
풍선,1
혼잡,1
에번,1
원일,1
통일로,1
이수근,1
지친,1
테크노,1
폴리스,1
단외,1
분대,1
재능,1
척수,1
AN,1
로코,1
석남역,1
당분,1
900,1
경인고속도로,1
외곽,1
순환도로,1
전철역,1
7호선,1
이미지,1
십중팔구,1
안일,1
태도,1
사장단,1
JW,1
7월 12일,1
대여,1
CAS,1
요기,1
인신,1
수분,1
더팬,1
1호선,1
도락산,1
중대형,1
6월 21일,1
버스데이,1
에리,1
덩이,1
XP,1
금지명령,1
건강식품,1
판촉,1
학여울역,1
남부순환로,1
신분당선,1
양재시민의숲역,1
서초구,1
강남대로,1
기자재,1
난방,1
송도컨벤시아,1
클레,1
어메이징,1
발로,1
관절염,1
마침표,1
동백,1
부산시,1
P2,1
나들,1
1월 15일,1
뜬구름,1
하심,1
.ls,1
의소,1
대포,1
루즈,1
별빛,1
멋,1
베스,1
수익금,1
만공,1
4월 20일,1
방명록,1
미터,1
수건,1
11월 19일,1
라온,1
효능,1
더덕,1
잔대,1
연산,1
진액,1
윤택,1
마른기침,1
천식,1
입안,1
마르고,1
참신,1
엽기,1
영수증,1
선풍기,1
메세,1
트럭,1
핸드,1
메이드,1
부동,1
마디,1
어진,1
나미,1
B7,1
임인,1
몸조심,1
수르,1
마을,1
동산,1
본의,1
RV,1
PW,1
태원,1
산후,1
횡단보도,1
225,1
김윤태,1
보르,1
박민호,1
금계,1
장문,1
저어,1
박정수,1
휴식 시간,1
박준우,1
반지,1
주인,1
이만,1
박은,1
지자기,1
주식 시장,1
주입식,1
내공,1
정예,1
고대,1
탈환,1
중립,1
분석가,1
LG,1
45,1
임대비,1
일출,1
실신,1
새치,1
A9,1
불여일견,1
김현지,1
만추,1
53,1
자회사,1
매스컴,1
의존,1
코일,1
보광,1
신체,1
이보,1
앞면,1
법당,1
블랙,1
스파이더,1
락카,1
스카,1
마비,1
트레이딩,1
김진수,1
비트,1
RA,1
시크,1
7월 25일,1
사역,1
.ee,1
목차,1
말라,1
왜곡,1
KR모터스,1
추출,1
원숭이,1
말이,1
워렌 버핏,1
김대표,1
좌우,1
3월 21일,1
중형,1
549,1
마카오,1
느낌,1
책임자,1
지바,1
무예,1
8월 23일,1
원군,1
U2,1
석남동,1
루원시티,1
석남,1
추적,1
유리창,1
창발,1
도장,1
휠,1
외관,1
미팅,1
선반,1
연제,1
소파,1
약실,1
뉴타운,1
장재,1
방수,1
단열재,1
협업,1
천연,1
염색,1
가락시장,1
농수산물,1
갈비,1
통닭,1
매매자,1
순응,1
아름다운 당신,1
벼,1
원재,1
보일,1
B&B,1
TJ,1
모의투자,1
단점,1
달구벌대로,1
경대,1
경대병원역,1
수성교,1
스톡,1
10월 4일,1
파이썬,1
승광,1
자릿수,1
가입원,1
언질,1
겸비,1
김영준,1
엑스레이,1
세르비아,1
개국,1
유방암,1
워런,1
그저께,1
고누,1
로봇산업,1
환경오염,1
시경,1
수산물,1
유통업,1
갈치,1
중증,1
급성,1
홉,1
증후군,1
자기주식,1
신탁,1
집착,1
아집,1
반입,1
탈,1
무도,1
관문,1
베이,1
팬,1
84,1
200,1
사배,1
출주,1
일차,1
위력,1
밀어,1
아쉬움,1
5월 25일,1
심지원,1
신재,1
예은,1
세라,1
요동,1
청심환,1
이의,1
눈치밥,1
첫마디,1
준공,1
습기,1
장막,1
약보합,1
하단부,1
탈시,1
실망,1
용매,1
물이,1
김승환,1
넘버원,1
열풍,1
환도,1
표본,1
커플링,1
염두,1
원인,1
회귀,1
공매,1
자라,1
피지,1
작용,1
운수,1
감주,1
배제,1
지력,1
일환,1
신의 한 수,1
이항,1
장가,1
이억,1
8월 25일,1
윤호,1
보영,1
권장소비자가격,1
하나은행,1
한국도로공사,1
2월 25일,1
웃음소리,1
미신,1
법령,1
내부통제,1
청방,1
2월 28일,1
여소,1
3월 6일,1
불이,1
07,1
소비자금융,1
계세,1
다카,1
납품,1
총사,1
용량,1
구좌,1
터무니,1
자필,1
룸살롱,1
업주,1
근시,1
빨간날,1
소비자보호,1
멱,1
RI,1
지도,1
2012년,1
루키,1
가경,1
양심,1
안전사고,1
이왕,1
고천,1
시름,1
일단,1
훈육,1
공부의 신,1
강성태,1
6월 20일,1
근거,1
월 가,1
보에,1
주지,1
초중고,1
아르,1
6월 4일,1
해고,1
고추,1
안함,1
뼈대,1
총장,1
지점장,1
싸인,1
선위,1
감리,1
엔터테인먼트,1
승패,1
공증,1
이회,1
추위,1
가전,1
퓨저,1
1월 22일,1
SQ,1
쇼부,1
방사광,1
가속기,1
요피,1
권혁주,1
단도직입,1
바나나,1
업로드,1
정밀,1
제휴,1
뉴욕,1
다우,1
+0,1
반발,1
행보,1
유교,1
베이비,1
유명인,1
첨삭,1
이화여대,1
CST,1
빈칸,1
문장,1
어법,1
복습,1
독해,1
정립,1
훈련,1
이론,1
완성도,1
서울대,1
통계학,1
조교,1
출제,1
밀도,1
연세대,1
국문학,1
연역,1
음운론,1
형태론,1
통사론,1
화용론,1
국어사,1
어문,1
현대문학,1
문학,1
현대시,1
입맛,1
이상우,1
이색,1
가우,1
혈연,1
이정재,1
야신,1
루비,1
상고,1
거룡,1
이대,1
원통,1
태봉,1
게살,1
한서,1
기념행사,1
일관,1
선배,1
일교,1
액포,1
맹자,1
허리띠,1
본전,1
상형,1
배치,1
2026년,1
택수,1
부재,1
동대구로,1
미술,1
자개,1
모체,1
발바,1
학비,1
애니,1
평탄,1
이것저것,1
목소리,1
둔산동,1
갤러리아,1
원지,1
7월 27일,1
조짐,1
곳곳,1
4월 28일,1
4월 16일,1
4월 17일,1
흥분,1
전선,1
덕담,1
밧줄,1
5월 4일,1
지원액,1
유대,1
가운,1
NT,1
501,1
조언,1
만촌동,1
개봉,1
반환,1
색,1
캐디,1
항공,1
라운딩,1
반시,1
인플레,1
식이,1
근본,1
강점,1
체지방,1
내장,1
뚱보,1
유해,1
균,1
납자,1
ZH,1
성심,1
제휴사,1
중아,1
연합뉴스,1
국사,1
가니,1
캔디,1
하나카드,1
전기세,1
하도,1
미와,1
기업인,1
펜트하우스,1
가면,1
컴백,1
지적,1
KF,1
94,1
천하,1
무협,1
호강,1
판타지,1
개성,1
자 현,1
인구,1
멸망,1
지능,1
신학원,1
인접,1
조정규,1
청원구,1
중동,1
지문,1
데스크,1
송강호,1
보라,1
GU,1
리나,1
대고,1
출세,1
치고 달려라,1
치세,1
국립보건원,1
M2,1
무자,1
시파,1
유전자,1
표적 치료,1
싹쓸이,1
A7,1
빌리,1
건축사,1
과일,1
키친,1
Q5,1
주문자,1
222,1
프라이어,1
응모권,1
사계절,1
파리,1
게이츠,1
운동화,1
침구,1
태풍 장미,1
민간,1
오렌지,1
C3,1
337,1
파고,1
파도,1
M20,1
발라,1
자정,1
바닷,1
왕따,1
유명한,1
이스라엘,1
자코,1
급료,1
시니,1
김병주,1
자주,1
부등,1
딩고,1
객관,1
통신부,1
한세상,1
사의,1
분동,1
법신,1
지퍼,1
백선,1
신애,1
반스타,1
벅스,1
렴,1
아베,1
양수도,1
기주,1
오래,1
11월 11일,1
의서,1
큰돈,1
이천,1
팀원,1
한국건강관리협회,1
건강증진,1
항균,1
사멸,1
규칙,1
세포,1
수면,1
혈액,1
박자,1
매일경제TV,1
3월 4일,1
10월 22일,1
제단,1
비자,1
40,1
어린이회관역,1
방면,1
요타,1
중심지,1
이태리,1
제등,1
서면,1
황상,1
혜진,1
아카데미상,1
NEW,1
공일,1
송도,1
송도동,1
대수,1
후반,1
하든,1
대출자,1
사주,1
사건,1
완도,1
해산물,1
양지훈,1
양성,1
신문,1
이백,1
고세,1
키움증권,1
세대주,1
블록,1
체어,1
상구,1
상정,1
이함,1
남현동,1
대의원,1
세검정,1
장바구니,1
비닐봉투,1
현금영수증,1
4월 12일,1
민속,1
새길,1
박지원,1
선고,1
비지,1
문종,1
국민건강보험공단,1
삼재,1
사옥,1
철학,1
생존력,1
작고,1
영향력,1
가물치,1
호박,1
건강원,1
달력,1
보청기,1
종로,1
메이저,1
사통,1
팔달,1
골목골목,1
아마추어,1
총력,1
신제주,1
이마트,1
7월 5일,1
524,1
안중근,1
위국,1
정치국,1
도심,1
사업가,1
3월 26일,1
후보자,1
민의,1
김동완,1
서안,1
애니멀,1
원플러스,1
실무진,1
부고,1
조석,1
김한수,1
모친,1
진재,1
향년,1
거창,1
특실,1
장지,1
거창군,1
가조면,1
기리,1
선영,1
발인,1
국적,1
외투,1
시어,1
로티,1
7월 1일,1
쓰리,1
차비,1
이하진,1
유일무이,1
상원,1
선원,1
꿩,1
종무소,1
대덕,1
합장,1
오한,1
근육통,1
두통,1
후각,1
미각,1
선거일,1
상임,1
국론,1
구조조정,1
각지,1
작동,1
패스트,1
트랙,1
전북도,1
영결식,1
다비식,1
인천광역시,1
기득,1
구태,1
당감,1
기업도시,1
감축,1
계실,1
주장,1
영수,1
회담,1
농림부,1
조법,1
LR,1
봉사단,1
철통,1
째 코,1
고덕,1
노원,1
시간표,1
본명,1
간석동,1
미시,1
불교,1
대가람,1
적임자,1
소총수,1
안내원,1
주 주,1
증설,1
생년월일,1
세관,1
VX,1
스크린골프,1
함수,1
고요한,1
초정,1
구애,1
성의,1
종속,1
굴종,1
일가,1
AK,1
간적,1
대인,1
전영진,1
보험약관,1
입체,1
멜로디,1
웰빙,1
필터,1
적외선,1
체온계,1
JTBC 밤샘토론,1
한글날,1
KB국민카드,1
코멘트,1
개장,1
직후,1
서킷브레이커,1
화수,1
114,1
2월 23일,1
네이트,1
팝업창,1
엑셀,1
미납금,1
월금,1
역행,1
문밖,1
축협,1
일정표,1
12월 1일,1
범죄,1
연루,1
탕,1
SEC,1
탕정면,1
명암리,1
-0,1
기공,1
서북구,1
직산읍,1
김대곤,1
김대,1
정제,1
S-OIL,1
귀자,1
파주시,1
당동,1
독보,1
광천,1
4X,1
추천자,1
등번호,1
분서,1
만세,1
명진,1
미지,1
P8,1
오송역,1
HP,1
삼성동,1
김지훈,1
필라,1
79,1
행텐,1
쌍쌍,1
큰언니,1
아들딸,1
선우,1
이은진,1
자르,1
이자지,1
유럽연합,1
야당역,1
퀵실버,1
대물림,1
가천,1
포크,1
선호,1
썬,1
밸리,1
상층,1
보냄,1
라비,1
반도,1
긴박,1
김미희,1
끝까지 간다,1
TL,1
나문희,1
194,1
별거,1
아니야,1
BQ,1
만종,1
중심가,1
로드,1
식장,1
.ss,1
공신,1
혀,1
해이,1
야다,1
주입,1
명신,1
부착,1
전단지,1
비트코인,1
집세,1
생황,1
장종,1
장보고,1
일동,1
미라주,1
선역,1
신창섭,1
여행사,1
공주,1
알밤,1
어느날,1
쌈,1
대문,1
실명,1
왕창,1
지하실,1
고살,1
2023년,1
신중하,1
점화,1
강인,1
수익원,1
외제,1
백만장자,1
지윤,1
청담,1
아줌마,1
서영,1
하남,1
타운,1
양천,1
해시,1
BT,1
세원,1
현정,1
환장,1
일모,1
응도,1
UP,1
비공,1
총보,1
태고,1
처당,1
실화,1
스마일게이트,1
유복,1
명호,1
신한금융투자,1
순정,1
타기,1
관인,1
박정희,1
추모제,1
성안,1
왕족,1
한게임,1
사용량,1
장어,1
민원24,1
이파,1
진정서,1
.aw,1
목서,1
마로,1
분말,1
주사제,1
FTA,1
체시스,1
배아,1
김가연,1
지방세,1
우편,1
김선,1
전남대학교병원,1
홍어,1
인덕,1
고용센터,1
주보,1
은지,1
당뇨,1
마이더스,1
AI,1
기압,1
엔진오일,1
직매장,1
무사,1
공금,1
미용실,1
귀환,1
김동학,1
불바다,1
아가,1
장과,1
가고,1
붉은빛,1
엑스,1
정심,1
박대박,1
주종,1
369,1
능선,1
하락세,1
비라,1
감지,1
구시,1
435,1
대어,1
불신,1
KNN,1
돌풍,1
자간,1
패배자,1
씨앗,1
은결,1
ATK,1
좋은아침,1
꾼,1
참관인,1
손에 잡히는 경제,1
성교육,1
송석,1
메리,1
은주,1
웰스,1
소영,1
악,1
울림,1
숙이,1
세분,1
주영광,1
폭동,1
동일시,1
초가,1
무스,1
아라,1
헬기,1
재건,1
05,1
부산역,1
자유민주주의,1
조원진,1
발매,1
회공,1
지고,1
원도,1
대용,1
산성,1
산시,1
산신,1
산이,1
산일,1
산케이,1
안성,1
규민,1
함남,1
타인,1
약주,1
해답,1
도면,1
마지막 선물,1
설전,1
시 현,1
백로,1
백서,1
백씨,1
덕동,1
주네,1
대모,1
원익큐브,1
패키지,1
좌지우지,1
이상직,1
빵꾸,1
고월,1
공학,1
웨어,1
초복,1
신돈,1
삼계탕,1
수세,1
가이후,1
최윤,1
재의,1
김규리,1
정치테마주,1
특허청,1
KR,1
전국구,1
소사,1
다리,1
호수공원,1
수계,1
캐피털,1
어른,1
탄핵,1
동맹,1
송원,1
이희진,1
두란,1
뜸,1
심야,1
20대,1
사사건건,1
정국,1
다사다난,1
북한,1
주변국,1
비판,1
통쾌,1
2월 7일,1
바비,1
국번,1
김용진,1
광주은행,1
목포,1
이랜드,1
복지관,1
용당동,1
동해안,1
고래잡이,1
바다이야기,1
공정사회,1
어업,1
칠지도,1
설득력,1
재력,1
TK,1
손바닥,1
반칙,1
위장,1
운동장,1
녹취록,1
작가,1
오박사,1
장정,1
투표용지,1
방문자,1
분당제생병원,1
임직원,1
동거인,1
김영일,1
김윤서,1
워드,1
한동,1
시노,1
앨리스,1
이관,1
이해도,1
젊은이,1
영입,1
부본부장,1
김국진,1
점심시간,1
지역민,1
3월 3일,1
종식,1
볼거리,1
불허,1
김관영,1
이용호,1
염치,1
구걸,1
원문,1
125,1
2월 1일,1
2월 2일,1
메가스터디교육,1
김선경,1
만약,1
도움말,1
태빈,1
유경,1
층수,1
번영,1
경인일보,1
1월 9일,1
공화국,1
반야,1
유인,1
고령,1
새벽 1시,1
회원사,1
NH농협카드,1
뉴시스,1
사회적 책임,1
폭설,1
폭풍 해일,1
인위,1
청구서,1
창고,1
확인서,1
특별자치시,1
특별자치도,1
군수,1
자치구,1
소방서,1
증명서,1
모양,1
재해,1
소을,1
조제,1
조제분유,1
나들가게,1
삼성카드,1
롯데마트,1
QR,1
부군수,1
들녘,1
소하,1
발효,1
시설물,1
결속,1
모듈,1
뒷면,1
세정,1
11월 12일,1
시흥,1
고맙습니다,1
고객 서비스,1
차세대,1
아미,1
무통,1
장안,1
규약,1
계시,1
당사항,1
정쟁,1
유감,1
패트,1
촛불,1
주차공간,1
아스피린,1
주치,1
조직,1
용종,1
절제,1
3월 2일,1
동점,1
문성공,1
부총리,1
매우,1
잘잘못,1
협력,1
행렬,1
크기,1
실험,1
이쯤,1
유행병,1
안면,1
비축,1
발병,1
골드만삭스,1
스당,1
당국자,1
백악관,1
스태퍼드,1
비상사태,1
선포,1
소년,1
불구,1
신생아,1
가주,1
춤,1
유전,1
에도 강,1
한편,1
모건,1
내달,1
사망률,1
이필,1
한송,1
남발,1
배부,1
아빠,1
성폭력,1
방지법,1
편식,1
곰탕,1
NS홈쇼핑,1
곰,1
조미료,1
고아,1
국물,1
일품,1
칼슘,1
보양,1
온라인 쇼핑몰,1
세제,1
KBS 1TV,1
생방송 심야토론,1
4월 4일,1
동사무소,1
사나이,1
하이라이트,1
도문,1
한혜원,1
가산금,1
금리부,1
코웨이,1
하트,1
웹툰,1
크리스천,1
잉글리시,1
염,1
박서진,1
한국고용정보원,1
문제점,1
음반,1
현수막,1
옥상,1
조형물,1
원기,1
플레이걸,1
A11,1
이성헌,1
서대문,1
늑장,1
모음,1
서울고속도로,1
항동,1
구석구석,1
부흥,1
9월 6일,1
강보,1
복덩어리,1
함선,1
삼봉,1
경부,1
증여,1
예시,1
강소라,1
픽업,1
내셔널,1
지오그래픽,1
다오,1
약력,1
79년,1
성균관대,1
법대,1
사법연수원,1
수료,1
국방부,1
군법무관,1
육군,1
소령,1
전역,1
지아,1
닌지,1
중월,1
레이스,1
반월당,1
선상,1
화면,1
좌절,1
성오,1
화서,1
롯데리아,1
팔달구,1
팔달로,1
정명,1
포스코,1
호지,1
디포,1
레고,1
일진,1
다이,1
화약,1
작약,1
사형,1
형산,1
리저브,1
이마트 에브리데이,1
볼링,1
키즈,1
올리브,1
권리금,1
스크린,1
평수,1
은단,1
마니,1
연고,1
고덕평생학습관,1
노원평생학습관,1
마포평생학습관,1
영등포평생학습관,1
번안,1
우피,1
기장군,1
압도,1
까꿍,1
한양,1
자인,1
숙제,1
FE,1
3S,1
중문,1
경칩,1
가혼,1
자선,1
배가,1
코앞,1
조율,1
2월 10일,1
훼손,1
기종,1
산책,1
소미래,1
죠스,1
달성보,1
이이,1
안양,1
막판,1
임호,1
흑색선전,1
시당,1
타임스,1
기장,1
정론지,1
V8,1
반둥,1
알라,1
세납,1
홍콩,1
수뇌부,1
동결,1
꽈,1
간호사,1
미경이,1
3월 16일,1
테헤란로,1
역삼동,1
흥,1
선릉역,1
사롱,1
임무,1
갈망,1
보물,1
목이,1
갈증,1
상인,1
소공,1
뉴스룸,1
E3,1
꿈속,1
고돈,1
이연재,1
햄,1
후진,1
분명,1
드래곤플라이,1
흠,1
성파,1
자리공,1
377,1
선결,1
해군,1
부사관,1
최고위,1
전례,1
그릇,1
화엄,1
정초,1
산림,1
그리움,1
김기남,1
매거진,1
김완선,1
손예진,1
일간지,1
참가자,1
수정,1
발신인,1
불명확,1
보령,1
정수기,1
관공서,1
고지,1
군청,1
비상근무,1
행정력,1
고투,1
유락,1
경계,1
588,1
M3,1
산악회,1
산행,1
지리산,1
계곡,1
천년,1
산행지,1
산천,1
혜원,1
이월,1
김천,1
입찰,1
과업,1
복어,1
구독자,1
댁내,1
특별시,1
미에,1
상계,1
한열,1
전탑,1
용재,1
박찬종,1
전력,1
진보,1
부킹,1
아시아드,1
이승엽,1
OB,1
스톱,1
음식업,1
서비스업,1
희생,1
커서,1
대상포진,1
달빛,1
어린이집,1
난생,1
아웃백,1
막노동,1
노동일,1
담임,1
현숙,1
서명운동,1
살포,1
금지법,1
제정,1
보강,1
주검,1
법무,1
위법,1
최기영,1
과기,1
노래,1
7z,1
경의,1
김병욱,1
백운중학교,1
증축,1
김성식,1
몫,1
가족의 비밀,1
부지사,1
요셉,1
김유진,1
김일,1
김정은,1
뇌사,1
김정현,1
이월드,1
콘서트,1
김진영,1
유니버셜,1
종신,1
이혜경,1
댕큐,1
중공,1
우금,1
황토,1
온수,1
매트,1
해뜰날,1
철새 정치인,1
깡,1
휘트니,1
누나,1
어가,1
한간,1
남자부,1
원클릭,1
더블유,1
오대규,1
더 선,1
세계무역기구,1
화웨이,1
램,1
머니투데이,1
단수,1
체험자,1
갈림길,1
만일,1
전파,1
태평로,1
정오,1
파스텔,1
반군,1
덕진구,1
상보,1
경기도청,1
일치,1
천안시장,1
아름답다,1
불경,1
643,1
이한,1
그만큼,1
김은지,1
강승규,1
동예,1
매화,1
장님,1
백중,1
입재,1
천도,1
대재,1
인등,1
합동,1
제례,1
공실,1
효성,1
해링턴,1
회합,1
장벽,1
영남,1
한받,1
과금,1
룰렛,1
지체,1
우먼,1
감초,1
손상,1
샤워,1
비타민 A,1
건립,1
덮개,1
간밤,1
입김,1
후후,1
불어,1
비서실장,1
복기왕,1
주어,1
구호,1
보제,1
코미,1
하하,1
탈당,1
경합,1
다이렉,1
놈,1
황동,1
회의장,1
인두,1
일괄,1
영건,1
대덕전자,1
빼빼로,1
박정환,1
박찬주,1
박찬,1
납기,1
갈,1
집사,1
Wee,1
195,1
학반,1
또래,1
최윤희,1
YC,1
레브,1
35,1
패티,1
돈가스,1
가부,1
보문동,1
78,1
42,1
정릉동,1
보국문,1
은화,1
안암동,1
안암로,1
닭갈비,1
월계로,1
해장국,1
패,1
그레,1
불필요,1
주해,1
다정,1
127,1
허비,1
피눈물,1
경련,1
근육,1
마스,1
일재,1
답안지,1
안철수,1
마음고생,1
여의,1
결심,1
후사,1
통일부,1
살림살이,1
원내대표,1
비상대책위,1
참패,1
대위,1
출범,1
해운대,1
패악,1
재송동,1
곳간,1
정의도,1
스피커,1
소음,1
백의종군,1
무고,1
운행자,1
이윤형,1
경유지,1
톨,1
국소,1
죽전동,1
상현동,1
성복동,1
이비가,1
잭슨,1
기보,1
중앙일보,1
논설위원,1
118,1
소방,1
방재,1
보통,1
일어,1
성도,1
557,1
심장부,1
교통망,1
12년,1
서현,1
어머님,1
선조,1
호텔신라,1
XX,1
열람,1
55,1
시간제한,1
예수,1
금어,1
갑인,1
장갑,1
타짜,1
마치,1
요인,1
이동섭,1
풍물,1
2월 19일,1
열람실,1
이상묵,1
수련회,1
불문,1
경복궁역,1
안국역,1
동화면세점,1
을지로,1
통행,1
징역,1
손해배상,1
우회,1
의결권,1
공영,1
확충,1
광우,1
타월,1
담요,1
남북,1
파국,1
비난,1
만반,1
로드맵,1
연내,1
보정,1
환경부,1
수장,1
소아과,1
의학,1
내과,1
길장,1
수라,1
공가,1
시화,1
성태,1
장하,1
빅스,1
G9,1
레드벨벳,1
서장훈,1
처지,1
웅천,1
부영,1
외상,1
521,1
선인,1
시영,1
우형,1
집안,1
쌀,1
남진,1
158,1
소견,1
주고,1
최고점,1
아현,1
윤정희,1
리트머스,1
가야,1
사타,1
바사,1
수선,1
화구,1
보험계약,1
피보험자,1
18세기,1
비고,1
한국야쿠르트,1
등대,1
후속작,1
출자금,1
동수,1
글러브,1
영유아,1
프린트,1
학습지,1
보류,1
임지현,1
SK하이닉스,1
출입문,1
동국대학교,1
서베이,1
폴리시,1
순수,1
자발,1
강타,1
반면,1
완쾌,1
퇴원,1
선화,1
전강,1
동구청,1
학기,1
진부,1
합정동,1
수교,1
계기,1
그루비,1
세션,1
마스카라,1
포럼,1
게시,1
경이,1
자진,1
오늘날,1
실용,1
김현미,1
국토,1
교통부,1
민주,1
균형자,1
당명,1
노준,1
오차,1
황태연,1
의견서,1
전주시,1
한국토지주택공사,1
박춘희,1
22년,1
서청원,1
물결,1
시종일관,1
응답기,1
안마,1
BI,1
레져,1
컬,1
파탄,1
재앙,1
비아,1
앵커,1
별일,1
우루사,1
강력,1
충성,1
골목길,1
온기,1
노관규,1
할부,1
FM,1
그중,1
내심,1
문정,1
광학,1
경실련,1
갈라,1
서교동,1
센트럴파크,1
성황,1
반박,1
폭로,1
주하,1
권한,1
연제구,1
면접,1
김희정,1
농어,1
공익,1
도매,1
천일염,1
축산,1
화백,1
회주,1
학성,1
스님,1
은사,1
홍봉주,1
부처,1
노리,1
들로,1
총회,1
이조,1
금호,1
해법,1
재현,1
운세,1
오바,1
성제,1
대구시,1
지류,1
원강,1
안와,1
마지막 잎새,1
98,1
관위,1
기부,1
부시,1
37년,1
권위,1
하수,1
떡국,1
한술,1
정겨운,1
울력,1
서장,1
전주방송,1
경인,1
간석역,1
동암역,1
논현역,1
경인선,1
도림사,1
영동고속도로,1
인천시청역,1
농사,1
도우,1
허위사실유포,1
사문서,1
위조,1
의혹,1
청취,1
박원순,1
고건,1
면사무소,1
회의실,1
대표자,1
실무자,1
용평면,1
진부면,1
대관령면,1
봉평면,1
선출,1
본회의장,1
상대,1
비서실,1
오바마,1
탄식,1
나쁜 남자,1
신드롬,1
이래,1
서정,1
이동면,1
장암리,1
스테이,1
컨테이너,1
오른쪽,1
이력서,1
유가,1
장보,1
사이즈,1
소개소,1
이상원,1
이영,1
어이,1
런,1
먼저,1
원영,1
안해,1
둘이,1
여일,1
가망,1
한일전,1
셀트리온,1
상사,1
상추,1
어제오늘,1
벨,1
요리,1
꼭대기,1
발목,1
한라홀딩스,1
가미,1
송담,1
배송지,1
광진구,1
구의,1
특단,1
제조업,1
73,1
격돌,1
O.K,1
맹구,1
년차,1
점장,1
에단,1
함안,1
호스,1
대비책,1
아까,1
악수,1
요사,1
몇일,1
상주시,1
풀리,1
구화,1
무명,1
경선자,1
시집,1
김수현,1
개보,1
왕년,1
회상,1
전성기,1
5기,1
법조,1
스테이트,1
선거구,1
전재,1
절후,1
주판,1
WTO,1
자비,1
도덕,1
제자리걸음,1
수호,1
울상,1
시비,1
은하,1
정월,1
대보름,1
SV,1
신자,1
지보,1
게다,1
학사,1
안준,1
가내,1
복의,1
민적,1
여인,1
서귀포,1
귤,1
농약,1
껍질,1
김옥,1
진동,1
진인,1
수출입,1
민국,1
장악,1
루킹,1
당연시,1
개업,1
순천,1
류경,1
들판,1
곡식,1
결실,1
동하,1
충정,1
고흥,1
보성,1
장흥,1
강진,1
선후배,1
김승남,1
의역,1
국경,1
제당,1
서기호,1
나주시,1
각오,1
취직,1
통감,1
회초리,1
가르침,1
남부,1
지방법원,1
효력,1
이해찬,1
항의문,1
정체성,1
만개,1
봄꽃,1
겨를,1
이순신,1
항일,1
독립운동,1
기념탑,1
독립,1
유공자,1
희생정신,1
2월 26일,1
6월 1일,1
현역,1
꺾기,1
역부족,1
지역구,1
응집,1
이윤석,1
88,1
당주,1
조택상,1
따뜻한 말 한마디,1
초콜릿,1
주서,1
142,1
18년,1
19년,1
김상태,1
8월 27일,1
이사회,1
10월 1일,1
기일,1
안동,1
주안도서관,1
주임,1
그제,1
콘트롤,1
사드,1
걸음,1
김두겸,1
남구청,1
견인,1
가장,1
가인,1
청춘,1
후원,1
지코,1
지우,1
쪽지,1
황금룡,1
지훈,1
산송,1
대책위,1
공표,1
박완주,1
차장,1
경비실,1
영차,1
호황,1
넌,1
환가,1
S9,1
산초,1
광중,1
일고,1
금은,1
내밀,1
도발,1
합참,1
상임위,1
집값,1
지선,1
본가,1
기분좋은 날,1
커넥트,1
커넥터,1
토마,1
부도,1
전남도,1
구복,1
상황실,1
최재환,1
입금자,1
출판,1
기념회,1
접전,1
유란,1
OP,1
교통사고,1
애도,1
형장,1
수석실,1
망친,1
중국어,1
극성,1
박상돈,1
면회,1
부스,1
큐캐피탈,1
다날,1
유죄,1
태풍 바비,1
형수,1
배당,1
포천,1
단원,1
보컬,1
드럼,1
키보드,1
사교육,1
표창,1
양식,1
품절,1
레이어,1
수족관,1
BIT,1
충주시,1
수해,1
농민,1
소방관,1
순직,1
화상병,1
과수,1
시엘,1
XG,1
D4,1
박난,1
하하하,1
하호,1
도미노,1
축산물품질평가원,1
입국자,1
출사표,1
보직,1
의재,1
RP,1
텍스트,1
편집,1
서해,1
항존,1
분자,1
7D,1
금미,1
판결,1
재선,1
스크립트,1
김종희,1
방공,1
호성,1
좌우명,1
회사분할,1
희지,1
폐관,1
액수,1
